Timestamp,Longitude,Latitude,RotationV X,RotationV Y,RotationV Z,RotationV W,RotationV Acc,Speed,Distance,Acc X,Acc Y,Acc Z,Heading,gyro_x,gyro_y,gyro_z
1568167063802,-78.81573187,42.96316665,-0.14897837,-0.46312106,-0.3496772,0.8006561,0.0,0.0,9101016.0,-0.016437054,-0.032865167,0.021190643,142.0,0.027114868,-0.007904053,-3.0517578E-4
1568167063903,-78.81573187,42.96316665,-0.120519705,-0.47283205,-0.30221236,0.81888497,0.0,0.0,0.0,0.0014863014,0.04260218,0.017293453,137.0,0.0016479492,-0.02180481,0.004333496
1568167064006,-78.81573187,42.96316665,-0.120519705,-0.47283205,-0.30221236,0.81888497,0.0,0.0,0.0,0.0014863014,0.04260218,0.017293453,136.0,0.004852295,-0.0026245117,0.008590698
1568167064102,-78.81573187,42.96316665,-0.119328275,-0.4735875,-0.29860312,0.8199462,0.0,0.0,0.0,-0.010429382,-0.012583375,-0.009986877,136.0,-0.013259888,-0.032455444,0.0011444092
1568167064206,-78.81573187,42.96316665,-0.119328275,-0.4735875,-0.29860312,0.8199462,0.0,0.0,0.0,-0.010429382,-0.0061766505,-0.020206451,137.0,0.026153564,-0.009017944,0.010726929
1568167064304,-78.81573187,42.96316665,-0.11561624,-0.47468635,-0.2917334,0.8223122,0.0,0.0,0.0,0.0027217865,-0.0061766505,-0.020206451,137.0,0.019760132,-5.0354004E-4,0.0011444092
1568167064404,-78.81573187,42.96316665,-0.11561624,-0.47468635,-0.2917334,0.8223122,0.0,0.0,0.0,0.0027217865,-0.0061766505,-0.020206451,137.0,-0.012191772,-0.006881714,0.013916016
1568167064504,-78.81573187,42.96316665,-0.11970116,-0.47341195,-0.30042258,0.8193284,0.0,0.0,0.15798338,0.009261131,0.0055794716,0.016021252,138.0,-0.030303955,0.0016326904,7.6293945E-5
1568167064605,-78.81573187,42.96316665,-0.11970116,-0.47341195,-0.30042258,0.8193284,0.0,0.0,0.15798338,0.009261131,0.0055794716,0.016021252,138.0,0.013366699,0.0016326904,0.007537842
1568167064705,-78.81573187,42.96316665,-0.12481617,-0.47238576,-0.30742317,0.8165559,0.0,0.0,0.15798338,-0.012618542,0.013668656,0.008228779,139.0,0.019760132,0.01335144,0.0054016113
1568167064806,-78.81573187,42.96316665,-0.12481617,-0.47238576,-0.30742317,0.8165559,0.0,0.0,0.15798338,-0.012618542,0.013668656,0.008228779,139.0,-0.0058135986,0.014419556,0.012863159
1568167064909,-78.81573187,42.96316665,-0.13023591,-0.47232318,-0.31580862,0.81253576,0.0,0.0,0.15798338,-3.657341E-4,-6.1136484E-4,-0.014278889,140.0,-0.018585205,-0.01222229,0.02670288
1568167065006,-78.81573187,42.96316665,-0.13023591,-0.47232318,-0.31580862,0.81253576,0.0,0.0,0.15798338,-3.657341E-4,-6.1136484E-4,-0.014278889,140.0,0.020828247,0.015487671,0.0096588135
1568167065119,-78.81573187,42.96316665,-0.13742213,-0.4706825,-0.3264516,0.8080857,0.0,0.0,0.15798338,0.002313137,0.0108581185,0.0063529015,140.0,0.03894043,0.015487671,0.0032653809
1568167065206,-78.81573187,42.96316665,-0.13742213,-0.4706825,-0.3264516,0.8080857,0.0,0.0,0.15798338,0.002313137,0.0108581185,0.0063529015,140.0,-0.009002686,0.029327393,0.0064697266
1568167065306,-78.81573187,42.96316665,-0.13853599,-0.46992344,-0.3291806,0.80722976,0.0,0.0,0.15798338,0.005311489,-0.012241721,-0.013441563,139.0,-0.011138916,0.033584595,0.008590698
1568167065409,-78.81573187,42.96316665,-0.13853599,-0.46992344,-0.3291806,0.80722976,0.0,0.0,0.15798338,0.005311489,-0.012241721,-0.013441563,140.0,0.01550293,0.017608643,0.007537842
1568167065510,-78.81573187,42.96316665,-0.13745923,-0.46942633,-0.32546508,0.80920726,0.0,0.0,0.4112336,-0.0025835037,-0.005281925,-0.011791706,140.0,0.016571045,0.0016326904,0.0032653809
1568167065611,-78.81573187,42.96316665,-0.13745923,-0.46942633,-0.32546508,0.80920726,0.0,0.0,0.4112336,-0.0025835037,-0.005281925,-0.011791706,140.0,0.009109497,-0.032455444,0.0021972656
1568167065714,-78.81573187,42.96316665,-0.14204921,-0.46955952,-0.3322051,0.8055903,0.0,0.0,0.4112336,-0.009458542,-0.010415256,0.012963772,140.0,0.0069732666,-0.046310425,0.0021972656
1568167065816,-78.81573187,42.96316665,-0.14204921,-0.46955952,-0.3322051,0.8055903,0.0,0.0,0.4112336,-0.009458542,-0.010415256,0.012963772,140.0,-0.09208679,0.0027008057,-0.010574341
1568167065918,-78.81573187,42.96316665,-0.14671832,-0.47011063,-0.33552703,0.8030513,0.0,0.0,0.4112336,2.8944016E-4,-0.008565128,-0.035892963,141.0,0.009109497,5.645752E-4,-0.024429321
1568167066012,-78.81573187,42.96316665,-0.14671832,-0.47011063,-0.33552703,0.8030513,0.0,0.0,0.4112336,2.8944016E-4,-0.008565128,-0.035892963,141.0,-0.06227112,0.017608643,-0.0052490234
1568167066111,-78.81573187,42.96316665,-0.14778142,-0.46721137,-0.3392883,0.802968,0.0,0.0,0.4112336,-0.0113892555,0.023032367,-0.00895071,141.0,-0.030303955,0.017608643,-0.008453369
1568167066216,-78.81573187,42.96316665,-0.14778142,-0.46721137,-0.3392883,0.802968,0.0,0.0,0.4112336,-0.0113892555,0.023032367,-0.00895071,141.0,0.012298584,-0.034591675,-9.918213E-4
1568167066317,-78.81573187,42.96316665,-0.1524462,-0.4650387,-0.34883273,0.79925895,0.0,0.0,0.4112336,0.0056414604,0.035199344,0.018400192,141.0,-0.027114868,-0.01966858,0.019241333
1568167066417,-78.81573187,42.96316665,-0.1524462,-0.4650387,-0.34883273,0.79925895,0.0,0.0,0.4112336,0.0056414604,0.035199344,0.018400192,142.0,0.09751892,-0.102767944,7.6293945E-5
1568167066515,-78.81573187,42.96316665,-0.15325764,-0.46820992,-0.3474285,0.79786277,0.0,0.0,0.37639967,-0.019787312,-0.048535645,-9.531975E-4,142.0,-0.10487366,-0.051635742,-0.018035889
1568167066615,-78.81573187,42.96316665,-0.15325764,-0.46820992,-0.3474285,0.79786277,0.0,0.0,0.37639967,-0.019787312,-0.048535645,-9.531975E-4,143.0,-0.12084961,-0.069732666,-0.035079956
1568167066716,-78.81573187,42.96316665,-0.15967207,-0.47059518,-0.35100728,0.7936239,0.0,0.0,0.37639967,-0.023379326,0.028274834,0.022497654,144.0,-0.23910522,-0.079330444,0.049072266
1568167066815,-78.81573187,42.96316665,-0.15967207,-0.47059518,-0.35100728,0.7936239,0.0,0.0,0.37639967,-0.023379326,0.028274834,0.022497654,145.0,-0.19329834,-0.027130127,-9.918213E-4
1568167066915,-78.81573187,42.96316665,-0.1737781,-0.46869084,-0.35926697,0.7880719,0.0,0.0,0.37639967,-0.019352436,0.092126966,0.04518795,147.0,-0.16558838,-0.016479492,0.0021972656
1568167067017,-78.81573187,42.96316665,-0.1737781,-0.46869084,-0.35926697,0.7880719,0.0,0.0,0.37639967,-0.019352436,0.092126966,0.04518795,148.0,-0.06652832,-0.08251953,-0.03401184
1568167067117,-78.81573187,42.96316665,-0.20396969,-0.4609213,-0.39823428,0.76639247,0.0,0.0,0.37639967,-0.0100317,9.866953E-4,0.10172129,150.0,0.05491638,-0.16029358,-0.07875061
1568167067219,-78.81573187,42.96316665,-0.20396969,-0.4609213,-0.39823428,0.76639247,0.0,0.0,0.37639967,-0.0100317,9.866953E-4,0.10172129,152.0,-0.108078,-0.017547607,-0.058517456
1568167067315,-78.81573187,42.96316665,-0.21772072,-0.46161407,-0.42081863,0.7499479,0.0,0.0,0.37639967,0.005791664,-0.13246703,0.043946266,155.0,-0.12937927,-0.07505798,-0.08621216
1568167067416,-78.81573187,42.96316665,-0.21772072,-0.46161407,-0.42081863,0.7499479,0.0,0.0,0.37639967,0.005791664,-0.13246703,0.043946266,157.0,-0.09208679,-0.10809326,-0.10218811
1568167067517,-78.81573187,42.96316665,-0.23793793,-0.45473298,-0.45292106,0.72901714,0.0,0.0,0.31366262,-0.013619423,-0.11079705,-0.048658848,160.0,0.0016479492,-0.07826233,-0.10964966
1568167067618,-78.81573187,42.96316665,-0.23793793,-0.45473298,-0.45292106,0.72901714,0.0,0.0,0.31366262,-0.013619423,-0.11079705,-0.048658848,163.0,0.06982422,-0.12620544,-0.09474182
1568167067716,-78.81573187,42.96316665,-0.2510604,-0.45261878,-0.48135749,0.7073895,0.0,0.0,0.31366262,-0.033651352,-0.1668191,0.025086403,165.0,-0.07398987,-0.10702515,-0.035079956
1568167067816,-78.81573187,42.96316665,-0.2510604,-0.45261878,-0.48135749,0.7073895,0.0,0.0,0.31366262,-0.033651352,-0.1668191,0.025086403,167.0,-0.110198975,-0.11341858,-0.04147339
1568167067916,-78.81573187,42.96316665,-0.27278212,-0.44424546,-0.50795776,0.6857221,0.0,0.0,0.31366262,0.006822586,0.04039699,0.078612804,170.0,-0.1634674,-0.10169983,-0.056381226
1568167068016,-78.81573187,42.96316665,-0.27278212,-0.44424546,-0.50795776,0.6857221,0.0,0.0,0.31366262,0.006822586,0.04039699,0.078612804,172.0,-0.11340332,-0.13685608,-0.08088684
1568167068117,-78.81573187,42.96316665,-0.29686853,-0.43758047,-0.5331868,0.6603819,0.0,0.0,0.31366262,-0.034936905,-0.01171279,0.032275677,175.0,-0.2103424,-0.05696106,-0.08621216
1568167068217,-78.81573187,42.96316665,-0.29686853,-0.43758047,-0.5331868,0.6603819,0.0,0.0,0.31366262,-0.034936905,-0.01171279,0.032275677,178.0,-0.0015411377,0.03253174,-0.058517456
1568167068317,-78.81573187,42.96316665,-0.3128613,-0.42614627,-0.55869436,0.6390444,0.0,0.0,0.31366262,-0.0049877167,0.005638361,1.3637543E-4,180.0,-0.02923584,0.09005737,-0.0020599365
1568167068417,-78.81573187,42.96316665,-0.3128613,-0.42614627,-0.55869436,0.6390444,0.0,0.0,0.31366262,-0.0049877167,0.005638361,1.3637543E-4,181.0,0.07196045,0.041046143,-0.0031280518
1568167068517,-78.81573187,42.96316665,-0.32093,-0.4154422,-0.5786756,0.6241364,0.0,0.0,0.36270294,0.11965561,0.01318121,-0.04292488,182.0,-0.03137207,-0.04310608,0.02670288
1568167068617,-78.81573187,42.96316665,-0.32093,-0.4154422,-0.5786756,0.6241364,0.0,0.0,0.36270294,0.11965561,0.01318121,-0.04292488,183.0,-0.13256836,-0.0718689,0.0320282
1568167068718,-78.81573187,42.96316665,-0.33673784,-0.4090083,-0.58862734,0.61060435,0.0,0.0,0.36270294,-0.009950638,0.055211246,-0.1267891,184.0,-0.15707397,-0.015411377,0.0032653809
1568167068819,-78.81573187,42.96316665,-0.33673784,-0.4090083,-0.58862734,0.61060435,0.0,0.0,0.36270294,-0.009950638,0.055211246,-0.1267891,186.0,-0.11872864,-0.04096985,-0.010574341
1568167068919,-78.81573187,42.96316665,-0.35570973,-0.39863378,-0.6071058,0.58820426,0.0,0.0,0.36270294,-0.04691887,0.0768463,0.025251627,188.0,0.08047485,-0.060150146,-0.05319214
1568167069018,-78.81573187,42.96316665,-0.35570973,-0.39863378,-0.6071058,0.58820426,0.0,0.0,0.36270294,-0.04691887,0.0768463,0.025251627,190.0,0.094329834,-0.069732666,-0.035079956
1568167069118,-78.81573187,42.96316665,-0.36555687,-0.3941504,-0.62247014,0.56880975,0.0,0.0,0.36270294,0.040409088,-0.05290556,0.06427169,192.0,-0.047348022,-0.06121826,-0.0052490234
1568167069218,-78.81573187,42.96316665,-0.36555687,-0.3941504,-0.62247014,0.56880975,0.0,0.0,0.36270294,0.040409088,-0.05290556,0.06427169,193.0,0.029342651,-0.07400513,-0.04786682
1568167069319,-78.81573187,42.96316665,-0.37793368,-0.38993335,-0.6331369,0.5515938,0.0,0.0,0.36270294,-0.068650246,-0.020926297,-0.029685497,194.0,-0.042022705,-0.044174194,-0.0052490234
1568167069419,-78.81573187,42.96316665,-0.37793368,-0.38993335,-0.6331369,0.5515938,0.0,0.0,0.36270294,-0.068650246,-0.020926297,-0.029685497,195.0,0.0368042,0.0016326904,-0.018035889
1568167069523,-78.81573187,42.96316665,-0.38345096,-0.3882176,-0.63800156,0.54332906,0.0,0.0,0.3867801,-0.023478508,-0.03167063,0.025252104,196.0,0.055984497,-0.007949829,0.029907227
1568167069619,-78.81573187,42.96316665,-0.38345096,-0.3882176,-0.63800156,0.54332906,0.0,0.0,0.3867801,-0.023478508,-0.03167063,0.025252104,197.0,0.0069732666,-0.009017944,-0.010574341
1568167069719,-78.81573187,42.96316665,-0.38687992,-0.38601798,-0.6415203,0.53829896,0.0,0.0,0.3867801,-0.007299423,-0.083922744,0.008785009,197.0,-0.17837524,-0.007949829,0.023513794
1568167069819,-78.81573187,42.96316665,-0.38687992,-0.38601798,-0.6415203,0.53829896,0.0,0.0,0.3867801,-0.007299423,-0.083922744,0.008785009,198.0,-0.16879272,-0.06121826,-0.05319214
1568167069919,-78.81573187,42.96316665,-0.4037975,-0.37120727,-0.6544344,0.5204502,0.0,0.0,0.3867801,0.07615566,-0.19884598,-0.11724758,199.0,-0.14216614,-0.016479492,0.0064697266
1568167070019,-78.81573187,42.96316665,-0.4037975,-0.37120727,-0.6544344,0.5204502,0.0,0.0,0.3867801,0.07615566,-0.19884598,-0.11724758,201.0,-0.12298584,-0.03778076,-9.918213E-4
1568167070119,-78.81573187,42.96316665,-0.42192784,-0.35520372,-0.6695609,0.49748912,0.0,0.0,0.3867801,6.017685E-4,0.00783968,-0.034901142,203.0,-0.10700989,-0.04310608,-0.015899658
1568167070219,-78.81573187,42.96316665,-0.42192784,-0.35520372,-0.6695609,0.49748912,0.0,0.0,0.3867801,6.017685E-4,0.00783968,-0.034901142,205.0,-0.13789368,-0.03352356,-0.015899658
1568167070319,-78.81573187,42.96316665,-0.43790802,-0.3414321,-0.68338567,0.473967,0.0,0.0,0.3867801,-0.018094063,0.22557265,-0.062894344,207.0,-0.09635925,-0.053756714,-0.021224976
1568167070420,-78.81573187,42.96316665,-0.43790802,-0.3414321,-0.68338567,0.473967,0.0,0.0,0.3867801,-0.018094063,0.22557265,-0.062894344,209.0,-0.10700989,-0.015411377,-0.035079956
1568167070520,-78.81573187,42.96316665,-0.4559283,-0.32266608,-0.70160764,0.4424508,0.0,0.0,0.40516078,-0.054406166,0.08229405,-0.091362715,211.0,-0.102752686,0.03253174,-0.028686523
1568167070622,-78.81573187,42.96316665,-0.4559283,-0.32266608,-0.70160764,0.4424508,0.0,0.0,0.40516078,-0.054406166,0.08229405,-0.091362715,214.0,-0.07078552,0.0048217773,-0.028686523
1568167070726,-78.81573187,42.96316665,-0.46865135,-0.30106196,-0.7206515,0.41278204,0.0,0.0,0.40516078,-0.03976345,0.05339116,-0.14603615,216.0,-0.14749146,0.043182373,-0.0020599365
1568167070823,-78.81573187,42.96316665,-0.46865135,-0.30106196,-0.7206515,0.41278204,0.0,0.0,0.40516078,-0.03976345,0.05339116,-0.14603615,218.0,-0.10487366,0.06555176,0.0320282
1568167070924,-78.81573187,42.96316665,-0.4785639,-0.27361545,-0.7399945,0.385382,0.0,0.0,0.40516078,0.017501831,0.026161313,-0.16238213,219.0,-0.121917725,-0.015411377,-0.010574341
1568167071031,-78.81573187,42.96316665,-0.4785639,-0.27361545,-0.7399945,0.385382,0.0,0.0,0.40516078,0.017501831,0.026161313,-0.16238213,222.0,-0.11766052,-0.034591675,-0.032943726
1568167071126,-78.81573187,42.96316665,-0.49050865,-0.2543572,-0.75332165,0.35666537,0.0,0.0,0.40516078,0.04310131,0.10737443,-0.09042883,224.0,-0.13363647,-0.062286377,-0.046798706
1568167071226,-78.81573187,42.96316665,-0.49050865,-0.2543572,-0.75332165,0.35666537,0.0,0.0,0.40516078,0.04310131,0.10737443,-0.09042883,226.0,-0.091033936,-0.065475464,-0.049987793
1568167071326,-78.81573187,42.96316665,-0.5023883,-0.23963884,-0.76395166,0.3264309,0.0,0.0,0.40516078,-0.0034742355,0.08412945,-0.009591341,228.0,-0.07824707,-0.04524231,-0.04573059
1568167071428,-78.81573187,42.96316665,-0.5023883,-0.23963884,-0.76395166,0.3264309,0.0,0.0,0.40516078,-0.0034742355,0.08412945,-0.009591341,231.0,-0.088897705,-0.023925781,-0.07342529
1568167071528,-78.81573187,42.96316665,-0.5139583,-0.22254154,-0.7755118,0.29138222,0.0,0.0,0.41410226,-0.013896942,0.03630933,-0.033542395,234.0,-0.06864929,-5.0354004E-4,-0.040405273
1568167071629,-78.81573187,42.96316665,-0.5139583,-0.22254154,-0.7755118,0.29138222,0.0,0.0,0.41410226,-0.013896942,0.03630933,-0.033542395,236.0,-0.011138916,-0.020736694,-0.02229309
1568167071728,-78.81573187,42.96316665,-0.5210582,-0.2077583,-0.7841356,0.2654548,0.0,0.0,0.41410226,-0.010165215,0.027664006,-0.012534142,238.0,-0.0015411377,-0.023925781,-0.021224976
1568167071829,-78.81573187,42.96316665,-0.5210582,-0.2077583,-0.7841356,0.2654548,0.0,0.0,0.41410226,-0.010165215,0.027664006,-0.012534142,241.0,-0.046279907,-0.0526886,-0.014846802
1568167071929,-78.81573187,42.96316665,-0.5335483,-0.1848107,-0.7936634,0.22642803,0.0,0.0,0.41410226,0.016402245,0.0155643225,-0.016631365,243.0,-0.051605225,-0.026062012,0.05760193
1568167072028,-78.81573187,42.96316665,-0.5335483,-0.1848107,-0.7936634,0.22642803,0.0,0.0,0.41410226,0.016402245,0.0155643225,-0.016631365,246.0,-0.01751709,-0.020736694,0.0021972656
1568167072131,-78.81573187,42.96316665,-0.5443039,-0.15797694,-0.8017862,0.18951376,0.0,0.0,0.41410226,6.5135956E-4,0.0048841536,-0.061891556,248.0,-0.010070801,-0.046310425,-0.021224976
1568167072227,-78.81573187,42.96316665,-0.5443039,-0.15797694,-0.8017862,0.18951376,0.0,0.0,0.41410226,6.5135956E-4,0.0048841536,-0.061891556,250.0,0.020828247,-0.06335449,-0.04573059
1568167072329,-78.81573187,42.96316665,-0.5497285,-0.14819963,-0.8044594,0.16935325,0.0,0.0,0.41410226,0.031136513,-0.012401044,0.03645301,252.0,-0.039901733,-0.07080078,-0.019104004
1568167072429,-78.81573187,42.96316665,-0.5497285,-0.14819963,-0.8044594,0.16935325,0.0,0.0,0.41410226,0.031136513,-0.012401044,0.03645301,254.0,-0.034561157,-0.01966858,0.018188477
1568167072533,-78.81573187,42.96316665,-0.5565877,-0.13654076,-0.8049582,0.1536521,0.0,0.0,0.42802703,-0.01949215,0.014139682,0.014813662,258.0,-0.065460205,-0.020736694,0.06399536
1568167072636,-78.81573187,42.96316665,-0.5565877,-0.13654076,-0.8049582,0.1536521,0.0,0.0,0.42802703,-0.01949215,0.014139682,0.014813662,263.0,-0.024978638,-0.0026245117,0.022445679
1568167072736,-78.81573187,42.96316665,-0.5717693,-0.07186933,-0.8146262,0.06556488,0.0,0.0,0.42802703,-0.018844604,0.023796111,-0.029594421,271.0,-0.036697388,-0.027130127,0.008590698
1568167072837,-78.81573187,42.96316665,-0.5717693,-0.07186933,-0.8146262,0.06556488,0.0,0.0,0.42802703,-0.018844604,0.023796111,-0.029594421,285.0,-0.077178955,-0.03138733,-0.011642456
1568167072937,-78.81573187,42.96316665,0.5769489,-0.04879244,0.8086353,0.10420304,0.0,0.0,0.42802703,-0.013379097,0.028310776,-0.026463509,90.0,-0.0569458,-0.020736694,-0.0052490234
1568167073044,-78.81573187,42.96316665,0.5769489,-0.04879244,0.8086353,0.10420304,0.0,0.0,0.42802703,-0.013379097,0.028310776,-0.026463509,90.0,-0.012191772,-0.04524231,-0.026565552
1568167073143,-78.81573187,42.96316665,0.0,0.0,0.0,1.0,0.0,0.0,0.42802703,0.009026527,0.013829052,-0.029869318,90.0,-0.028182983,-0.01008606,-0.007385254
1568167073243,-78.81573187,42.96316665,0.0,0.0,0.0,1.0,0.0,0.0,0.42802703,0.009026527,0.013829052,-0.029869318,32.0,0.037872314,0.04850769,-0.0031280518
1568167073343,-78.81573187,42.96316665,0.29619128,-0.49692497,0.38428208,0.71948844,0.0,0.0,0.42802703,-0.038485527,0.02131027,-0.07485008,41.0,0.035736084,0.03465271,0.019241333
1568167073440,-78.81573187,42.96316665,0.29619128,-0.49692497,0.38428208,0.71948844,0.0,0.0,0.42802703,-0.038485527,0.02131027,-0.07485008,48.0,0.03466797,-0.006881714,-0.008453369
1568167073541,-78.81573187,42.96316665,0.24153599,-0.5265766,0.30569634,0.7555973,0.0,0.0,0.41833243,0.06373024,-0.05497867,0.07367492,53.0,-0.057998657,0.028259277,0.010726929
1568167073643,-78.81573187,42.96316665,0.24153599,-0.5265766,0.30569634,0.7555973,0.0,0.0,0.41833243,0.06373024,-0.05497867,0.07367492,56.0,0.032546997,-0.007949829,-0.0020599365
1568167073745,-78.81573187,42.96316665,0.21468972,-0.53804916,0.26911825,0.7694068,0.0,0.0,0.41833243,-0.052103996,-0.005470246,-0.059889555,60.0,0.014434814,-0.03138733,0.011795044
1568167073844,-78.81573187,42.96316665,0.21468972,-0.53804916,0.26911825,0.7694068,0.0,0.0,0.41833243,-0.052103996,-0.005470246,-0.059889555,61.0,-0.036697388,-0.03564453,-0.004180908
1568167073945,-78.81573187,42.96316665,0.20277297,-0.54302895,0.25166082,0.7750287,0.0,0.0,0.41833243,0.031428337,0.009955794,0.025185347,62.0,-0.016464233,0.0016326904,0.007537842
1568167074045,-78.81573187,42.96316665,0.20277297,-0.54302895,0.25166082,0.7750287,0.0,0.0,0.41833243,0.031428337,0.009955794,0.025185347,64.0,0.0027160645,-0.017547607,0.023513794
1568167074146,-78.81573187,42.96316665,0.1737805,-0.55294025,0.21372385,0.7863711,0.0,0.0,0.41833243,-0.019438744,-0.0043397546,0.04071784,66.0,0.05810547,0.012283325,0.012863159
1568167074245,-78.81573187,42.96316665,0.1737805,-0.55294025,0.21372385,0.7863711,0.0,0.0,0.41833243,-0.019438744,-0.0043397546,0.04071784,68.0,0.008041382,0.0048217773,0.0096588135
1568167074346,-78.81573187,42.96316665,0.1528396,-0.5586094,0.18396832,0.7941985,0.0,0.0,0.41833243,0.011996269,0.003180474,0.028236628,69.0,0.011245728,0.033584595,7.6293945E-5
1568167074447,-78.81573187,42.96316665,0.1528396,-0.5586094,0.18396832,0.7941985,0.0,0.0,0.41833243,0.011996269,0.003180474,0.028236628,70.0,0.010177612,0.08578491,0.007537842
1568167074548,-78.81573187,42.96316665,0.13687368,-0.5599284,0.16437452,0.80045414,0.0,0.0,0.42232072,-0.030256271,-0.015587956,-0.026751995,71.0,0.108184814,0.008026123,0.03416443
1568167074649,-78.81573187,42.96316665,0.13687368,-0.5599284,0.16437452,0.80045414,0.0,0.0,0.42232072,-0.030256271,-0.015587956,-0.026751995,72.0,0.07408142,0.031463623,0.021377563
1568167074748,-78.81573187,42.96316665,0.12339782,-0.5594442,0.14646593,0.8064384,0.0,0.0,0.42232072,0.06778622,-0.009332001,0.014530182,73.0,-0.1634674,0.11668396,0.05227661
1568167074849,-78.81573187,42.96316665,0.12339782,-0.5594442,0.14646593,0.8064384,0.0,0.0,0.42232072,0.06778622,-0.009332001,0.014530182,73.0,-0.037765503,0.047439575,0.058670044
1568167074949,-78.81573187,42.96316665,0.11945207,-0.55751735,0.15124771,0.8074836,0.0,0.0,0.42232072,-0.03729725,0.038808703,-0.15381408,74.0,0.0836792,0.08366394,0.004333496
1568167075051,-78.81573187,42.96316665,0.11945207,-0.55751735,0.15124771,0.8074836,0.0,0.0,0.42232072,-0.03729725,0.038808703,-0.15381408,75.0,0.15397644,0.03892517,-0.027618408
1568167075150,-78.81573187,42.96316665,0.12878685,-0.55091083,0.16183732,0.80852944,0.0,0.0,0.42232072,0.07916927,-0.03920141,-0.07588744,76.0,0.0921936,0.07833862,-0.02017212
1568167075251,-78.81573187,42.96316665,0.12878685,-0.55091083,0.16183732,0.80852944,0.0,0.0,0.42232072,0.07916927,-0.03920141,-0.07588744,79.0,0.10072327,0.13479614,0.007537842
1568167075352,-78.81573187,42.96316665,0.10998965,-0.55032116,0.13203037,0.81707823,0.0,0.0,0.42232072,-0.015372276,-0.05047506,0.09842348,81.0,-0.09954834,0.033584595,0.0021972656
1568167075454,-78.81573187,42.96316665,0.10998965,-0.55032116,0.13203037,0.81707823,0.0,0.0,0.42232072,-0.015372276,-0.05047506,0.09842348,82.0,-0.10487366,0.10282898,7.6293945E-5
1568167075553,-78.81573187,42.96316665,0.08864172,-0.5474732,0.106769904,0.82523686,0.0,0.0,0.3988671,0.0082941055,-0.013677716,-0.0929904,83.0,-0.01751709,0.07406616,0.022445679
1568167075657,-78.81573187,42.96316665,0.08864172,-0.5474732,0.106769904,0.82523686,0.0,0.0,0.3988671,0.0082941055,-0.013677716,-0.0929904,83.0,-0.00793457,-0.006881714,0.049072266
1568167075753,-78.81573187,42.96316665,0.08257868,-0.5425467,0.10313046,0.82957095,0.0,0.0,0.3988671,-0.011720657,-0.007341206,0.029223442,83.0,-0.07611084,-0.014343262,0.03416443
1568167075856,-78.81573187,42.96316665,0.08257868,-0.5425467,0.10313046,0.82957095,0.0,0.0,0.3988671,-0.011720657,-0.007341206,0.029223442,83.0,-0.059066772,0.06022644,0.023513794
1568167075954,-78.81573187,42.96316665,0.06678818,-0.535451,0.08558682,0.8375598,0.0,0.0,0.3988671,-0.013962746,-0.0070489943,-0.085160494,85.0,0.07408142,0.06341553,0.010726929
1568167076055,-78.81573187,42.96316665,0.06678818,-0.535451,0.08558682,0.8375598,0.0,0.0,0.3988671,-0.013962746,-0.0070489943,-0.085160494,86.0,0.10284424,0.1081543,-0.03189087
1568167076158,-78.81573187,42.96316665,0.059370212,-0.5285585,0.06948522,0.8439626,0.0,0.0,0.3988671,0.026796341,-0.050767884,-0.037320137,87.0,-0.032440186,0.08685303,-0.03189087
1568167076257,-78.81573187,42.96316665,0.059370212,-0.5285585,0.06948522,0.8439626,0.0,0.0,0.3988671,0.026796341,-0.050767884,-0.037320137,89.0,-0.10913086,0.04425049,-0.05744934
1568167076358,-78.81573187,42.96316665,0.04479601,-0.52437,0.041607033,0.8492928,0.0,0.0,0.3988671,0.021656036,-0.033016086,0.122758865,91.0,-0.022857666,0.06448364,-0.03401184
1568167076466,-78.81573187,42.96316665,0.04479601,-0.52437,0.041607033,0.8492928,0.0,0.0,0.3988671,0.021656036,-0.033016086,0.122758865,94.0,-0.013259888,0.04425049,-0.0052490234
1568167076558,-78.81573187,42.96316665,0.026121791,-0.52085584,0.009607861,0.8531908,0.0,0.0,0.4179891,-0.0059347153,0.020914257,0.17002249,95.0,-0.047348022,0.029327393,7.6293945E-5
1568167076659,-78.81573187,42.96316665,0.026121791,-0.52085584,0.009607861,0.8531908,0.0,0.0,0.4179891,-0.0059347153,0.020914257,0.17002249,95.0,-0.032440186,0.04850769,-0.02229309
1568167076762,-78.81573187,42.96316665,0.019909615,-0.51833135,0.0014596885,0.8549468,0.0,0.0,0.4179891,0.011221886,0.052121162,0.049174786,96.0,0.01550293,0.031463623,0.0021972656
1568167076858,-78.81573187,42.96316665,0.019909615,-0.51833135,0.0014596885,0.8549468,0.0,0.0,0.4179891,0.011221886,0.052121162,0.049174786,96.0,0.061309814,0.035720825,-0.007385254
1568167076960,-78.81573187,42.96316665,0.01747684,-0.5142992,-0.0064670504,0.85740834,0.0,0.0,0.4179891,-0.0070142746,-0.06046489,0.08442402,96.0,0.013366699,-5.0354004E-4,0.0011444092
1568167077059,-78.81573187,42.96316665,0.01747684,-0.5142992,-0.0064670504,0.85740834,0.0,0.0,0.4179891,-0.0070142746,-0.06046489,0.08442402,97.0,-0.042022705,0.080459595,-0.021224976
1568167077160,-78.81573187,42.96316665,0.01359208,-0.50969934,-0.011641542,0.86016643,0.0,0.0,0.4179891,-0.043123245,-0.019018143,-0.027615547,97.0,-0.036697388,0.103897095,-0.02017212
1568167077264,-78.81573187,42.96316665,0.01359208,-0.50969934,-0.011641542,0.86016643,0.0,0.0,0.4179891,-0.043123245,-0.019018143,-0.027615547,98.0,0.04319763,0.08685303,0.021377563
1568167077372,-78.81573187,42.96316665,0.008055774,-0.5027798,-0.022441464,0.8640856,0.0,0.0,0.4179891,0.058017254,0.008291632,0.11510658,99.0,5.79834E-4,0.05809021,7.6293945E-5
1568167077462,-78.81573187,42.96316665,0.008055774,-0.5027798,-0.022441464,0.8640856,0.0,0.0,0.4179891,0.058017254,0.008291632,0.11510658,99.0,0.020828247,0.03253174,-0.010574341
1568167077562,-78.81573187,42.96316665,-0.0035635156,-0.49809206,-0.04473053,0.8659623,0.0,0.0,0.40873715,0.053282738,0.027382225,0.09256029,99.0,-0.05267334,0.057022095,-0.012710571
1568167077665,-78.81573187,42.96316665,-0.0035635156,-0.49809206,-0.04473053,0.8659623,0.0,0.0,0.40873715,0.053282738,0.027382225,0.09256029,100.0,5.79834E-4,0.054901123,-0.014846802
1568167077766,-78.81573187,42.96316665,-0.006616705,-0.49260852,-0.049220417,0.86883277,0.0,0.0,0.40873715,0.072968006,0.010311872,0.013219357,100.0,-0.09635925,0.12094116,-0.03614807
1568167077867,-78.81573187,42.96316665,-0.006616705,-0.49260852,-0.049220417,0.86883277,0.0,0.0,0.40873715,0.072968006,0.010311872,0.013219357,100.0,0.03147888,0.15716553,-0.011642456
1568167077965,-78.81573187,42.96316665,-0.006616705,-0.49260852,-0.049220417,0.86883277,0.0,0.0,0.40873715,0.072968006,0.010311872,0.013219357,101.0,-0.010070801,0.09857178,-0.007385254
1568167078065,-78.81573187,42.96316665,-0.007947003,-0.48341385,-0.05527547,0.8736089,0.0,0.0,0.40873715,0.027575016,0.007693976,-0.004252434,101.0,0.016571045,0.1465149,0.007537842
1568167078166,-78.81573187,42.96316665,-0.007947003,-0.48341385,-0.05527547,0.8736089,0.0,0.0,0.40873715,0.027575016,0.007693976,-0.004252434,101.0,0.022949219,0.11668396,-0.010574341
1568167078265,-78.81573187,42.96316665,-0.0072029107,-0.4728003,-0.05613461,0.87935024,0.0,0.0,0.40873715,0.062352657,0.020367086,0.029222488,102.0,0.012298584,0.12947083,-0.008453369
1568167078365,-78.81573187,42.96316665,-0.0072029107,-0.4728003,-0.05613461,0.87935024,0.0,0.0,0.40873715,0.062352657,0.020367086,0.029222488,102.0,0.009109497,0.05596924,-0.0052490234
1568167078465,-78.81573187,42.96316665,-0.009566454,-0.46567103,-0.06377913,0.8826048,0.0,0.0,0.40873715,0.019839764,-0.033126444,0.14000988,103.0,-0.011138916,0.020812988,0.007537842
1568167078568,-78.81573187,42.96316665,-0.009566454,-0.46567103,-0.06377913,0.8826048,0.0,0.0,0.40757045,0.019839764,-0.033126444,0.14000988,102.0,-4.7302246E-4,-0.004760742,0.0032653809
1568167078665,-78.81573187,42.96316665,-0.0110587105,-0.4618309,-0.06600602,0.88443947,0.0,0.0,0.40757045,-0.017899036,0.01063329,0.15002632,102.0,0.044265747,-0.029266357,0.0054016113
1568167078766,-78.81573187,42.96316665,-0.0110587105,-0.4618309,-0.06600602,0.88443947,0.0,0.0,0.40757045,-0.017899036,0.01063329,0.15002632,103.0,-0.011138916,-0.081451416,0.020309448
1568167078866,-78.81573187,42.96316665,-0.008229395,-0.4642284,-0.06235317,0.88347965,0.0,0.0,0.40757045,-0.0575099,0.011307836,0.30763674,103.0,0.0027160645,-0.020736694,0.023513794
1568167078966,-78.81573187,42.96316665,-0.008229395,-0.4642284,-0.06235317,0.88347965,0.0,0.0,0.40757045,-0.0575099,0.011307836,0.30763674,104.0,0.0069732666,-0.026062012,0.02670288
1568167079067,-78.81573187,42.96316665,-0.010950767,-0.46599415,-0.06384096,0.8824137,0.0,0.0,0.40757045,-0.10913944,0.039633006,0.24288607,104.0,0.05491638,-0.029266357,0.012863159
1568167079169,-78.81573187,42.96316665,-0.010950767,-0.46599415,-0.06384096,0.8824137,0.0,0.0,0.40757045,-0.10913944,0.039633006,0.24288607,104.0,0.05491638,0.006958008,0.02670288
1568167079268,-78.81573187,42.96316665,-0.015676102,-0.46656424,-0.075689256,0.8811034,0.0,0.0,0.40757045,-0.027108192,0.05628991,0.121949196,103.0,0.12628174,-0.026062012,0.056533813
1568167079371,-78.81573187,42.96316665,-0.015676102,-0.46656424,-0.075689256,0.8811034,0.0,0.0,0.40757045,-0.027108192,0.05628991,0.121949196,102.0,0.17102051,-0.03352356,0.07571411
1568167079470,-78.81573187,42.96316665,-0.015260774,-0.46640354,-0.07901615,0.88090366,0.0,0.0,0.40757045,-0.055791855,-0.017196953,0.15929079,102.0,0.23387146,-0.03138733,0.074645996
1568167079574,-78.81573187,42.96316665,-0.015260774,-0.46640354,-0.07901615,0.88090366,0.0,0.0,0.4102256,-0.055791855,-0.017196953,0.15929079,101.0,0.3073883,-0.015411377,0.08955383
1568167079671,-78.81573187,42.96316665,-0.0046455637,-0.4690769,-0.067887865,0.88053197,0.0,0.0,0.4102256,-0.034288406,-0.083894074,0.063374996,101.0,0.20724487,-0.0015563965,0.0874176
1568167079772,-78.81573187,42.96316665,-0.0046455637,-0.4690769,-0.067887865,0.88053197,0.0,0.0,0.4102256,-0.034288406,-0.083894074,0.063374996,101.0,0.18061829,-0.09744263,0.1300354
1568167079872,-78.81573187,42.96316665,0.006817652,-0.47372702,-0.056113888,0.87885576,0.0,0.0,0.4102256,-0.060252666,-0.05702883,0.068014145,99.0,0.17529297,-0.11341858,0.13856506
1568167079972,-78.81573187,42.96316665,0.006817652,-0.47372702,-0.056113888,0.87885576,0.0,0.0,0.4102256,-0.060252666,-0.05702883,0.068014145,98.0,0.288208,-0.020736694,0.105529785
1568167080072,-78.81573187,42.96316665,0.021180991,-0.4774282,-0.03205436,0.8778304,0.0,0.0,0.4102256,-9.851456E-4,0.03609085,0.0076236725,97.0,0.28607178,0.0058898926,0.117248535
1568167080172,-78.81573187,42.96316665,0.021180991,-0.4774282,-0.03205436,0.8778304,0.0,0.0,0.4102256,-9.851456E-4,0.03609085,0.0076236725,97.0,0.25198364,-0.007949829,0.1065979
1568167080272,-78.81573187,42.96316665,0.037152518,-0.48098904,-0.012796977,0.87584555,0.0,0.0,0.4102256,-0.019939423,-0.042392254,0.09237099,97.0,0.04852295,-0.08998108,0.12045288
1568167080372,-78.81573187,42.96316665,0.037152518,-0.48098904,-0.012796977,0.87584555,0.0,0.0,0.4102256,-0.019939423,-0.042392254,0.09237099,97.0,0.0037841797,-0.16241455,0.121520996
1568167080471,-78.81573187,42.96316665,0.027905397,-0.49032018,-0.016221825,0.87094444,0.0,0.0,0.4102256,-0.04602194,0.12510794,0.02935934,97.0,0.14013672,-0.13578796,0.10020447
1568167080572,-78.81573187,42.96316665,0.027905397,-0.49032018,-0.016221825,0.87094444,0.0,0.0,0.41281125,-0.04602194,0.12510794,0.02935934,97.0,0.12416077,-0.11553955,0.121520996
1568167080671,-78.81573187,42.96316665,0.015995841,-0.5017841,-0.025628908,0.8644652,0.0,0.0,0.41281125,-0.07560444,-0.015058249,0.13909912,97.0,0.07196045,-0.18159485,0.037353516
1568167080772,-78.81573187,42.96316665,0.015995841,-0.5017841,-0.025628908,0.8644652,0.0,0.0,0.41281125,-0.07560444,-0.015058249,0.13909912,98.0,0.008041382,-0.248703,0.007537842
1568167080872,-78.81573187,42.96316665,0.0077973744,-0.5180233,-0.03471331,0.85462624,0.0,0.0,0.41281125,-0.14196968,-0.08482084,0.21394539,100.0,-0.00793457,-0.21568298,-0.14160156
1568167080973,-78.81573187,42.96316665,0.0077973744,-0.5180233,-0.03471331,0.85462624,0.0,0.0,0.41281125,-0.14196968,-0.08482084,0.21394539,104.0,-0.016464233,-0.09423828,-0.22895813
1568167081073,-78.81573187,42.96316665,-5.957392E-4,-0.5334984,-0.06990294,0.8429073,0.0,0.0,0.41281125,-0.1345663,-0.35837203,0.2774756,109.0,5.79834E-4,0.030395508,-0.2513275
1568167081172,-78.81573187,42.96316665,-5.957392E-4,-0.5334984,-0.06990294,0.8429073,0.0,0.0,0.41281125,-0.1345663,-0.35837203,0.2774756,112.0,0.05278015,0.0048217773,-0.13520813
1568167081274,-78.81573187,42.96316665,7.6488644E-4,-0.538686,-0.098819025,0.83669084,0.0,0.0,0.41281125,-0.091900826,-0.37605345,0.024732113,116.0,-0.0058135986,0.026138306,-0.33335876
1568167081373,-78.81573187,42.96316665,7.6488644E-4,-0.538686,-0.098819025,0.83669084,0.0,0.0,0.41281125,-0.091900826,-0.37605345,0.024732113,122.0,0.22109985,0.09111023,-0.59114075
1568167081473,-78.81573187,42.96316665,0.029395482,-0.5391776,-0.13142894,0.8313542,0.0,0.0,0.41281125,0.18150043,-0.46728647,-0.15946531,130.0,0.0410614,0.18699646,-0.7189789
1568167081573,-78.81573187,42.96316665,0.029395482,-0.5391776,-0.13142894,0.8313542,0.0,0.0,0.41478512,0.18150043,-0.46728647,-0.15946531,136.0,-0.3818512,0.31695557,-0.77864075
1568167081674,-78.81573187,42.96316665,0.06777419,-0.51995516,-0.19395208,0.82911754,0.0,0.0,0.41478512,0.39351606,-0.8038275,-0.55220604,141.0,-0.06864929,0.44477844,-0.75520325
1568167081778,-78.81573187,42.96316665,0.06777419,-0.51995516,-0.19395208,0.82911754,0.0,0.0,0.41478512,0.39351606,-0.8038275,-0.55220604,145.0,-0.12298584,0.16142273,-0.58262634
1568167081873,-78.81573187,42.96316665,0.098492086,-0.48992372,-0.25839594,0.82674396,0.0,0.0,0.41478512,0.5049753,-0.5216272,-0.5649171,149.0,0.073028564,0.06555176,-0.66038513
1568167081973,-78.81573187,42.96316665,0.098492086,-0.48992372,-0.25839594,0.82674396,0.0,0.0,0.41478512,0.5049753,-0.5216272,-0.5649171,152.0,0.0027160645,0.026138306,-0.6987457
1568167082073,-78.81573187,42.96316665,0.12944163,-0.48042068,-0.31783468,0.80710715,0.0,0.0,0.41478512,0.58772707,-0.4222722,0.0551672,156.0,0.042129517,0.15609741,-0.7019348
1568167082174,-78.81573187,42.96316665,0.12944163,-0.48042068,-0.31783468,0.80710715,0.0,0.0,0.41478512,0.58772707,-0.4222722,0.0551672,158.0,0.0410614,0.21148682,-0.63375854
1568167082273,-78.81573187,42.96316665,0.1646269,-0.4552446,-0.37191212,0.79204273,0.0,0.0,0.41478512,0.48806,-0.28580904,-0.28446293,161.0,-0.088897705,0.1976471,-0.75839233
1568167082375,-78.81573187,42.96316665,0.1646269,-0.4552446,-0.37191212,0.79204273,0.0,0.0,0.41478512,0.48806,-0.28580904,-0.28446293,164.0,-4.7302246E-4,0.16674805,-0.6497345
1568167082477,-78.81573187,42.96316665,0.19152182,-0.42924252,-0.42939058,0.77116406,0.0,0.0,0.41478512,0.6845617,-0.052191257,-0.1714468,167.0,-0.042022705,-0.13471985,-0.7030029
1568167082574,-78.81573187,42.96316665,0.19152182,-0.42924252,-0.42939058,0.77116406,0.0,0.0,0.41873288,0.6845617,-0.052191257,-0.1714468,171.0,0.19978333,0.04850769,-0.5709076
1568167082675,-78.81573187,42.96316665,0.22208014,-0.42912447,-0.47772565,0.7336967,0.0,0.0,0.41873288,0.32909107,-0.11306572,0.5174532,174.0,0.38728333,0.16461182,-0.68170166
1568167082775,-78.81573187,42.96316665,0.22208014,-0.42912447,-0.47772565,0.7336967,0.0,0.0,0.41873288,0.32909107,-0.11306572,0.5174532,175.0,-0.0036773682,0.22640991,-0.6412201
1568167082875,-78.81573187,42.96316665,0.26431483,-0.40897834,-0.5167977,0.7041268,0.0,0.0,0.41873288,0.48459816,0.07835722,0.03470421,175.0,0.15397644,0.054901123,-0.7658539
1568167082976,-78.81573187,42.96316665,0.26431483,-0.40897834,-0.5167977,0.7041268,0.0,0.0,0.41873288,0.48459816,0.07835722,0.03470421,176.0,0.122024536,0.0101623535,-0.68382263
1568167083077,-78.81573187,42.96316665,0.30824405,-0.3791313,-0.55215406,0.6755523,0.0,0.0,0.41873288,0.39738452,0.039433002,-0.113399506,175.0,0.3297577,-0.02180481,-0.5986023
1568167083176,-78.81573187,42.96316665,0.30824405,-0.3791313,-0.55215406,0.6755523,0.0,0.0,0.41873288,0.39738452,0.039433002,-0.113399506,175.0,0.41497803,0.28819275,-0.5496063
1568167083277,-78.81573187,42.96316665,0.36711258,-0.3599077,-0.56258756,0.6474489,0.0,0.0,0.41873288,0.23815125,0.4293499,0.472085,174.0,0.2136383,0.29031372,-0.5485382
1568167083377,-78.81573187,42.96316665,0.36711258,-0.3599077,-0.56258756,0.6474489,0.0,0.0,0.41873288,0.23815125,0.4293499,0.472085,174.0,-0.098480225,0.06448364,-0.5229645
1568167083476,-78.81573187,42.96316665,0.40486076,-0.32681578,-0.57828534,0.62838304,0.0,0.0,0.41873288,0.1255272,0.39055538,-0.067248344,175.0,-0.12512207,-0.19438171,-0.30566406
1568167083577,-78.81573187,42.96316665,0.40486076,-0.32681578,-0.57828534,0.62838304,0.0,0.0,0.45386904,0.1255272,0.39055538,-0.067248344,175.0,0.06237793,0.09538269,-0.25665283
1568167083677,-78.81573187,42.96316665,0.41906863,-0.31193474,-0.58596206,0.6194567,0.0,0.0,0.45386904,-0.30717778,0.5978441,-0.06119585,175.0,0.10072327,0.08578491,-0.15332031
1568167083783,-78.81573187,42.96316665,0.41906863,-0.31193474,-0.58596206,0.6194567,0.0,0.0,0.45386904,-0.30717778,0.5978441,-0.06119585,174.0,0.07728577,0.07939148,-0.105392456
1568167083877,-78.81573187,42.96316665,0.44181356,-0.2920371,-0.56837684,0.629653,0.0,0.0,0.45386904,-0.47470582,0.4023571,0.013143539,171.0,-0.08996582,0.0058898926,-0.09046936
1568167083978,-78.81573187,42.96316665,0.44181356,-0.2920371,-0.56837684,0.629653,0.0,0.0,0.45386904,-0.47470582,0.4023571,0.013143539,165.0,0.013366699,-0.16134644,-0.07130432
1568167084091,-78.81573187,42.96316665,0.45822027,-0.2592214,-0.5359788,0.6599736,0.0,0.0,0.45386904,-0.5529127,0.5005293,-0.2806301,156.0,-0.0335083,-0.1698761,-0.08302307
1568167084190,-78.81573187,42.96316665,0.45822027,-0.2592214,-0.5359788,0.6599736,0.0,0.0,0.45386904,-0.5529127,0.5005293,-0.2806301,142.0,-0.01751709,-0.017547607,-0.040405273
1568167084282,-78.81573187,42.96316665,0.46863025,-0.23468676,-0.5116023,0.6808604,0.0,0.0,0.45386904,-0.66578686,0.41266632,-0.105148315,124.0,0.042129517,0.01121521,0.03416443
1568167084385,-78.81573187,42.96316665,0.46863025,-0.23468676,-0.5116023,0.6808604,0.0,0.0,0.45386904,-0.66578686,0.41266632,-0.105148315,90.0,-0.009002686,-0.04310608,0.1023407
1568167084484,-78.81573187,42.96316665,0.48470843,-0.20447063,-0.45672083,0.717395,0.0,0.0,0.45386904,-0.7170011,0.4127102,-0.031349182,90.0,-0.006866455,-0.006881714,0.109802246
1568167084584,-78.81573187,42.96316665,0.48470843,-0.20447063,-0.45672083,0.717395,0.0,0.0,0.45928058,-0.7170011,0.4127102,-0.031349182,76.0,0.017623901,-0.06335449,0.18223572
1568167084687,-78.81573187,42.96316665,0.49754462,-0.17355381,-0.38734403,0.75650054,0.0,0.0,0.45928058,-0.7829727,0.37574673,-0.11153126,65.0,0.06982422,-0.07080078,0.3484192
1568167084790,-78.81573187,42.96316665,0.49754462,-0.17355381,-0.38734403,0.75650054,0.0,0.0,0.45928058,-0.7829727,0.37574673,-0.11153126,55.0,-0.010070801,-0.10595703,0.18649292
1568167084892,-78.81573187,42.96316665,0.5030088,-0.16264328,-0.3260796,0.78371006,0.0,0.0,0.45928058,-0.96071666,0.3039894,-0.03575182,47.0,0.19978333,-0.20289612,0.42938232
1568167084992,-78.81573187,42.96316665,0.5030088,-0.16264328,-0.3260796,0.78371006,0.0,0.0,0.45928058,-0.96071666,0.3039894,-0.03575182,43.0,0.02508545,-0.30197144,0.57424927
1568167085091,-78.81573187,42.96316665,0.501334,-0.18583167,-0.26716223,0.80172014,0.0,0.0,0.45928058,-1.2218971,0.3953266,0.031373978,41.0,-0.17092896,0.1315918,0.56892395
1568167085192,-78.81573187,42.96316665,0.501334,-0.18583167,-0.26716223,0.80172014,0.0,0.0,0.45928058,-1.2218971,0.3953266,0.031373978,39.0,-0.11659241,0.26368713,0.73617554
1568167085292,-78.81573187,42.96316665,0.4854921,-0.19116476,-0.18999697,0.83165777,0.0,0.0,0.45928058,-1.2743961,0.5081949,-0.3236475,34.0,-0.06864929,0.08152771,0.8139343
1568167085393,-78.81573187,42.96316665,0.4854921,-0.19116476,-0.18999697,0.83165777,0.0,0.0,0.45928058,-1.2743961,0.5081949,-0.3236475,27.0,0.018692017,0.18060303,1.1068878
1568167085497,-78.81573187,42.96316665,0.45856982,-0.23451215,-0.142854,0.8451689,0.0,0.0,0.45979077,-1.3719151,0.42734146,-0.14994907,21.0,-0.37438965,0.11882019,0.7904968
1568167085593,-78.81573187,42.96316665,0.45856982,-0.23451215,-0.142854,0.8451689,0.0,0.0,0.45979077,-1.3719151,0.42734146,-0.14994907,17.0,-0.2561493,0.12414551,0.7564087
1568167085693,-78.81573187,42.96316665,0.41433463,-0.27031422,-0.091328144,0.86424315,0.0,0.0,0.45979077,-1.1386106,0.6956415,-0.35936213,15.0,-0.3072815,-0.0526886,0.86932373
1568167085794,-78.81573187,42.96316665,0.41433463,-0.27031422,-0.091328144,0.86424315,0.0,0.0,0.45979077,-1.1386106,0.6956415,-0.35936213,12.0,-0.12724304,0.13052368,0.81500244
1568167085897,-78.81573187,42.96316665,0.37196046,-0.3049009,-0.04285676,0.87569636,0.0,0.0,0.45979077,-0.859828,0.702466,-0.09286499,7.0,-0.2646637,0.1976471,0.8139343
1568167085999,-78.81573187,42.96316665,0.37196046,-0.3049009,-0.04285676,0.87569636,0.0,0.0,0.45979077,-0.859828,0.702466,-0.09286499,0.0,-0.236969,-0.032455444,0.8490906
1568167086099,-78.81573187,42.96316665,0.3184911,-0.33285803,0.0030684397,0.88755816,0.0,0.0,0.45979077,-0.8216448,0.8522811,-0.23277664,356.0,-0.1666565,-0.14430237,0.7894287
1568167086197,-78.81573187,42.96316665,0.3184911,-0.33285803,0.0030684397,0.88755816,0.0,0.0,0.45979077,-0.8216448,0.8522811,-0.23277664,354.0,-0.28596497,-0.13258362,0.55506897
1568167086298,-78.81573187,42.96316665,0.24296618,-0.39235708,-0.027267873,0.88672423,0.0,0.0,0.45979077,-0.73332405,0.78821516,0.07478428,353.0,-0.11445618,-0.2167511,0.64668274
1568167086397,-78.81573187,42.96316665,0.24296618,-0.39235708,-0.027267873,0.88672423,0.0,0.0,0.45979077,-0.73332405,0.78821516,0.07478428,352.0,-0.22525024,-0.21887207,0.54229736
1568167086507,-78.81573187,42.96316665,0.18665251,-0.4295386,-0.039897952,0.8826469,0.0,0.0,0.46109602,-0.65813255,0.41067076,0.06438637,351.0,0.01550293,-0.16348267,0.29940796
1568167086601,-78.81573187,42.96316665,0.18665251,-0.4295386,-0.039897952,0.8826469,0.0,0.0,0.46109602,-0.65813255,0.41067076,0.06438637,350.0,-0.034561157,0.19444275,0.3292389
1568167086702,-78.81573187,42.96316665,0.160741,-0.43936273,-0.033243895,0.88318604,0.0,0.0,0.46109602,-0.32430077,0.03306055,0.13570452,351.0,-0.086761475,-0.046310425,0.3814392
1568167086803,-78.81573187,42.96316665,0.160741,-0.43936273,-0.033243895,0.88318604,0.0,0.0,0.46109602,-0.32430077,0.03306055,0.13570452,351.0,-0.09208679,0.062347412,0.3856964
1568167086905,-78.81573187,42.96316665,0.1260814,-0.44240424,-0.020085493,0.88768154,0.0,0.0,0.46109602,-0.080663204,0.19759011,-0.13244104,90.0,-0.17198181,0.03253174,0.3856964
1568167087005,-78.81573187,42.96316665,0.1260814,-0.44240424,-0.020085493,0.88768154,0.0,0.0,0.46109602,-0.080663204,0.19759011,-0.13244104,90.0,-0.121917725,-0.14750671,0.25680542
1568167087106,-78.81573187,42.96316665,0.089568175,-0.45270896,-0.02118053,0.8868954,0.0,0.0,0.46109602,-0.19183779,0.04830897,0.003750801,90.0,0.057037354,-0.009017944,0.2642517
1568167087205,-78.81573187,42.96316665,0.089568175,-0.45270896,-0.02118053,0.8868954,0.0,0.0,0.46109602,-0.19183779,0.04830897,0.003750801,90.0,0.037872314,-0.046310425,0.17158508
1568167087318,-78.81573187,42.96316665,0.06391318,-0.4669752,-0.033576015,0.8813183,0.0,0.0,0.46109602,-0.2971573,-0.21773767,0.19797087,69.0,0.0410614,-0.114486694,0.3846283
1568167087407,-78.81573187,42.96316665,0.06391318,-0.4669752,-0.033576015,0.8813183,0.0,0.0,0.46109602,-0.2971573,-0.21773767,0.19797087,76.0,0.12948608,-0.3264618,0.42617798
1568167087509,-78.81573187,42.96316665,0.034683146,-0.48399585,-0.022235168,0.8740999,0.0,0.0,0.46705136,-0.34197426,0.038036287,0.23189831,83.0,-0.17304993,0.01335144,0.14175415
1568167087608,-78.81573187,42.96316665,0.034683146,-0.48399585,-0.022235168,0.8740999,0.0,0.0,0.46705136,-0.34197426,0.038036287,0.23189831,86.0,-0.09741211,0.07406616,-0.10646057
1568167087708,-78.81573187,42.96316665,0.015544396,-0.48079786,-0.03978877,0.8757903,0.0,0.0,0.46705136,-0.29635,-0.25619328,-0.07083368,90.0,0.1305542,-0.036712646,-0.36637878
1568167087808,-78.81573187,42.96316665,0.015544396,-0.48079786,-0.03978877,0.8757903,0.0,0.0,0.46705136,-0.29635,-0.25619328,-0.07083368,96.0,0.14865112,-0.015411377,-0.28862
1568167087932,-78.81573187,42.96316665,0.028582672,-0.48753244,-0.078420594,0.86910605,0.0,0.0,0.46705136,-0.059369087,-0.86494195,0.12549448,101.0,0.057037354,-0.06335449,-0.10006714
1568167088016,-78.81573187,42.96316665,0.028582672,-0.48753244,-0.078420594,0.86910605,0.0,0.0,0.46705136,-0.059369087,-0.86494195,0.12549448,105.0,0.06770325,-0.08998108,-0.060653687
1568167088117,-78.81573187,42.96316665,0.025427721,-0.4867736,-0.09355656,0.86813134,0.0,0.0,0.46705136,-0.16833639,-0.48619628,-0.072574615,107.0,-0.14428711,-0.15176392,-0.04573059
1568167088216,-78.81573187,42.96316665,0.025427721,-0.4867736,-0.09355656,0.86813134,0.0,0.0,0.46705136,-0.16833639,-0.48619628,-0.072574615,108.0,0.0602417,0.04850769,-0.065979004
1568167088316,-78.81573187,42.96316665,0.022766815,-0.49142683,-0.10924484,0.8637401,0.0,0.0,0.46705136,-0.069003105,-0.48512423,0.11668348,110.0,0.1390686,0.008026123,-0.02229309
1568167088416,-78.81573187,42.96316665,0.022766815,-0.49142683,-0.10924484,0.8637401,0.0,0.0,0.46705136,-0.069003105,-0.48512423,0.11668348,112.0,0.06663513,0.02507019,-0.012710571
1568167088521,-78.81573187,42.96316665,0.02294063,-0.49275917,-0.120902754,0.86142015,0.0,0.0,0.4723806,-0.19025373,-0.40156114,-0.0102210045,113.0,0.061309814,-0.007949829,-0.046798706
1568167088617,-78.81573187,42.96316665,0.02294063,-0.49275917,-0.120902754,0.86142015,0.0,0.0,0.4723806,-0.19025373,-0.40156114,-0.0102210045,114.0,-0.051605225,0.015487671,-0.038269043
1568167088718,-78.81573187,42.96316665,0.021842826,-0.49346513,-0.12636343,0.86026007,0.0,0.0,0.4723806,-0.07451153,-0.26034677,0.005022526,114.0,0.014434814,0.012283325,-0.0052490234
1568167088820,-78.81573187,42.96316665,0.021842826,-0.49346513,-0.12636343,0.86026007,0.0,0.0,0.4723806,-0.07451153,-0.26034677,0.005022526,116.0,-0.046279907,0.016540527,-0.0052490234
1568167088920,-78.81573187,42.96316665,0.010475462,-0.4916644,-0.13848796,0.859638,0.0,0.0,0.4723806,-0.08722019,-0.20505476,-0.029620647,118.0,-0.06227112,0.017608643,0.06399536
1568167089021,-78.81573187,42.96316665,0.010475462,-0.4916644,-0.13848796,0.859638,0.0,0.0,0.4723806,-0.08722019,-0.20505476,-0.029620647,119.0,-0.032440186,0.043182373,0.02458191
1568167089121,-78.81573187,42.96316665,0.0022925793,-0.4891642,-0.141732,0.8605958,0.0,0.0,0.4723806,-0.10975027,-0.17986512,-0.034127235,119.0,0.0069732666,-0.0015563965,-0.026565552
1568167089221,-78.81573187,42.96316665,0.0022925793,-0.4891642,-0.141732,0.8605958,0.0,0.0,0.4723806,-0.10975027,-0.17986512,-0.034127235,121.0,0.075149536,-0.058013916,0.0011444092
1568167089323,-78.81573187,42.96316665,-0.022384094,-0.49036777,-0.1786033,0.8527246,0.0,0.0,0.4723806,-0.0752573,-0.16700017,0.074481964,122.0,-0.08996582,-0.09849548,0.027770996
1568167089422,-78.81573187,42.96316665,-0.022384094,-0.49036777,-0.1786033,0.8527246,0.0,0.0,0.4723806,-0.0752573,-0.16700017,0.074481964,124.0,-0.11126709,-0.18478394,0.042678833
1568167089521,-78.81573187,42.96316665,-0.0675568,-0.49812526,-0.23165613,0.8328522,0.0,0.0,0.45735645,-0.16927147,-0.021747947,0.0890975,126.0,-0.044158936,-0.21035767,0.05227661
1568167089623,-78.81573187,42.96316665,-0.0675568,-0.49812526,-0.23165613,0.8328522,0.0,0.0,0.45735645,-0.16927147,-0.021747947,0.0890975,127.0,0.044265747,-0.65882874,0.082092285
1568167089725,-78.81573187,42.96316665,-0.09730731,-0.53274703,-0.2461709,0.8038108,0.0,0.0,0.45735645,-0.3168373,-0.05857414,0.5624268,127.0,-0.08996582,-0.5363312,0.08103943
1568167089824,-78.81573187,42.96316665,-0.09730731,-0.53274703,-0.2461709,0.8038108,0.0,0.0,0.45735645,-0.3168373,-0.05857414,0.5624268,129.0,0.020828247,-0.644989,0.0597229
1568167089931,-78.81573187,42.96316665,-0.13225937,-0.5801445,-0.2493374,0.7640489,0.0,0.0,0.45735645,-0.3026476,-0.024952948,0.72152114,132.0,-0.053741455,-0.4532318,0.07144165
1568167090026,-78.81573187,42.96316665,-0.13225937,-0.5801445,-0.2493374,0.7640489,0.0,0.0,0.45735645,-0.3026476,-0.024952948,0.72152114,134.0,-0.067596436,-0.5128937,0.04374695
1568167090128,-78.81573187,42.96316665,-0.15337044,-0.607296,-0.24791038,0.73905987,0.0,0.0,0.45735645,-0.14726925,-0.058880687,0.33703923,135.0,-0.049484253,-0.08572388,0.004333496
1568167090226,-78.81573187,42.96316665,-0.15337044,-0.607296,-0.24791038,0.73905987,0.0,0.0,0.45735645,-0.14726925,-0.058880687,0.33703923,133.0,-0.091033936,0.21788025,0.027770996
1568167090330,-78.81573187,42.96316665,-0.14510997,-0.60300905,-0.2369911,0.74776894,0.0,0.0,0.45735645,-0.13902092,-0.14599186,-0.51453805,130.0,-0.06439209,0.10922241,0.028839111
1568167090428,-78.81573187,42.96316665,-0.14510997,-0.60300905,-0.2369911,0.74776894,0.0,0.0,0.45735645,-0.13902092,-0.14599186,-0.51453805,130.0,-0.027114868,-0.06121826,0.022445679
1568167090527,-78.81573187,42.96316665,-0.1498655,-0.6010129,-0.23812157,0.7480788,0.0,0.0,0.46198013,0.083584785,-0.11516887,-0.27131343,130.0,-0.18263245,-0.034591675,-0.009521484
1568167090629,-78.81573187,42.96316665,-0.1498655,-0.6010129,-0.23812157,0.7480788,0.0,0.0,0.46198013,0.083584785,-0.11516887,-0.27131343,130.0,-0.19223022,-0.06654358,-0.0137786865
1568167090732,-78.81573187,42.96316665,-0.16781214,-0.6001657,-0.2532016,0.73995215,0.0,0.0,0.46198013,0.016246796,-0.16254914,-0.29087162,132.0,-0.10487366,-0.0953064,-0.0031280518
1568167090829,-78.81573187,42.96316665,-0.16781214,-0.6001657,-0.2532016,0.73995215,0.0,0.0,0.46198013,0.016246796,-0.16254914,-0.29087162,131.0,-0.22311401,0.03465271,0.0320282
1568167090929,-78.81573187,42.96316665,-0.17624214,-0.60003495,-0.25198123,0.7385135,0.0,0.0,0.46198013,-0.16784,-0.052250147,-0.31440926,128.0,-0.24336243,0.08152771,0.04800415
1568167091032,-78.81573187,42.96316665,-0.17624214,-0.60003495,-0.25198123,0.7385135,0.0,0.0,0.46198013,-0.16784,-0.052250147,-0.31440926,126.0,-0.20074463,0.06022644,0.037353516
1568167091131,-78.81573187,42.96316665,-0.18785767,-0.592994,-0.25795105,0.73927593,0.0,0.0,0.46198013,0.0013990402,-0.08117017,-0.30887747,125.0,-0.20288086,0.01335144,-0.029754639
1568167091236,-78.81573187,42.96316665,-0.18785767,-0.592994,-0.25795105,0.73927593,0.0,0.0,0.46198013,0.0013990402,-0.08117017,-0.30887747,125.0,-0.18902588,0.045303345,-0.02229309
1568167091334,-78.81573187,42.96316665,-0.19341779,-0.588459,-0.26118168,0.74033076,0.0,0.0,0.46198013,0.012439728,-0.041990757,-0.31459856,124.0,-0.13256836,0.051696777,7.6293945E-5
1568167091435,-78.81573187,42.96316665,-0.19341779,-0.588459,-0.26118168,0.74033076,0.0,0.0,0.46198013,0.012439728,-0.041990757,-0.31459856,123.0,-0.061203003,0.030395508,0.0064697266
1568167091535,-78.81573187,42.96316665,-0.18297316,-0.5893865,-0.24754818,0.7469031,0.0,0.0,0.47301114,-0.03348255,0.032181814,-0.22831082,121.0,0.022949219,-0.01008606,0.007537842
1568167091635,-78.81573187,42.96316665,-0.18297316,-0.5893865,-0.24754818,0.7469031,0.0,0.0,0.47301114,-0.03348255,0.032181814,-0.22831082,121.0,0.086868286,0.14331055,-0.038269043
1568167091737,-78.81573187,42.96316665,-0.15492798,-0.59085345,-0.21922478,0.76080877,0.0,0.0,0.47301114,-0.053030014,-0.027504027,-0.31368136,118.0,0.02722168,0.115615845,0.02458191
1568167091836,-78.81573187,42.96316665,-0.15492798,-0.59085345,-0.21922478,0.76080877,0.0,0.0,0.47301114,-0.053030014,-0.027504027,-0.31368136,116.0,-0.028182983,0.08685303,0.020309448
1568167091936,-78.81573187,42.96316665,-0.1419676,-0.5861639,-0.20336093,0.7712985,0.0,0.0,0.47301114,0.037177086,-0.05868748,-0.41349578,115.0,0.0027160645,0.15396118,0.017120361
1568167092037,-78.81573187,42.96316665,-0.1419676,-0.5861639,-0.20336093,0.7712985,0.0,0.0,0.47301114,0.037177086,-0.05868748,-0.41349578,113.0,-0.01965332,0.30630493,-0.0052490234
1568167092137,-78.81573187,42.96316665,-0.12016278,-0.5661932,-0.18788253,0.7935277,0.0,0.0,0.47301114,0.07086182,-0.112534925,-0.6300757,113.0,0.06237793,0.6812744,-0.093673706
1568167092240,-78.81573187,42.96316665,-0.12016278,-0.5661932,-0.18788253,0.7935277,0.0,0.0,0.47301114,0.07086182,-0.112534925,-0.6300757,113.0,0.094329834,0.8197632,-0.0031280518
1568167092344,-78.81573187,42.96316665,-0.07785409,-0.4986791,-0.17299671,0.84577185,0.0,0.0,0.47301114,0.5112982,-0.19137564,-1.2624855,112.0,0.0602417,1.0125732,0.0096588135
1568167092440,-78.81573187,42.96316665,-0.07785409,-0.4986791,-0.17299671,0.84577185,0.0,0.0,0.47301114,0.5112982,-0.19137564,-1.2624855,111.0,0.09751892,0.740921,-0.004180908
1568167092536,-78.81573187,42.96316665,-0.041866623,-0.44298524,-0.14910851,0.8830503,0.0,0.0,0.4749472,0.6299429,-0.10875338,-0.73923016,111.0,0.108184814,0.61735535,0.012863159
1568167092637,-78.81573187,42.96316665,-0.041866623,-0.44298524,-0.14910851,0.8830503,0.0,0.0,0.4749472,0.6299429,-0.10875338,-0.73923016,111.0,0.08154297,0.045303345,-9.918213E-4
1568167092742,-78.81573187,42.96316665,-0.032871574,-0.41940886,-0.1500104,0.89471364,0.0,0.0,0.4749472,0.2982192,-0.1070807,-0.10058451,111.0,-0.013259888,0.24450684,-0.011642456
1568167092843,-78.81573187,42.96316665,-0.032871574,-0.41940886,-0.1500104,0.89471364,0.0,0.0,0.4749472,0.2982192,-0.1070807,-0.10058451,111.0,0.1113739,-0.13471985,0.06399536
1568167092946,-78.81573187,42.96316665,-0.0295023,-0.4213689,-0.14716461,0.8943827,0.0,0.0,0.4749472,-0.08139992,-0.11146635,0.2876382,111.0,0.12841797,-0.15922546,0.054397583
1568167093046,-78.81573187,42.96316665,-0.0295023,-0.4213689,-0.14716461,0.8943827,0.0,0.0,0.4749472,-0.08139992,-0.11146635,0.2876382,111.0,0.2839508,-0.33073425,0.086364746
1568167093145,-78.81573187,42.96316665,-0.02205752,-0.4535768,-0.13453457,0.8807281,0.0,0.0,0.4749472,-0.41570377,-0.10769826,0.6707835,111.0,0.3148346,-0.6620331,0.12364197
1568167093240,-78.81573187,42.96316665,-0.02205752,-0.4535768,-0.13453457,0.8807281,0.0,0.0,0.4749472,-0.41570377,-0.10769826,0.6707835,110.0,0.32655334,-0.3232727,0.06825256
1568167093341,-78.81573187,42.96316665,-0.02205752,-0.4535768,-0.13453457,0.8807281,0.0,0.0,0.4749472,-0.41570377,-0.10769826,0.6707835,109.0,0.5715637,-0.37121582,0.070373535
1568167093441,-78.81573187,42.96316665,0.0024459816,-0.4951791,-0.107162066,0.8621531,0.0,0.0,0.4749472,-0.36420155,-0.22543001,0.8754344,109.0,0.32868958,-0.63220215,0.117248535
1568167093541,-78.81573187,42.96316665,0.0024459816,-0.4951791,-0.107162066,0.8621531,0.0,0.0,0.4755235,-0.36420155,-0.22543001,0.8754344,110.0,-0.044158936,-0.49797058,0.107666016
1568167093642,-78.81573187,42.96316665,0.011872404,-0.5397919,-0.09010244,0.83687836,0.0,0.0,0.4755235,-0.3677206,-0.101196766,0.6717615,110.0,-0.24975586,-0.18266296,0.049072266
1568167093748,-78.81573187,42.96316665,-0.013890644,-0.55571264,-0.09379518,0.8259497,0.0,0.0,0.4755235,-0.12083244,0.19689667,0.065983534,109.0,-0.24761963,-0.060150146,0.15133667
1568167093845,-78.81573187,42.96316665,-0.013890644,-0.55571264,-0.09379518,0.8259497,0.0,0.0,0.4755235,-0.12083244,0.19689667,0.065983534,107.0,-0.26786804,-0.053756714,0.21525574
1568167093946,-78.81573187,42.96316665,-0.013890644,-0.55571264,-0.09379518,0.8259497,0.0,0.0,0.4755235,-0.1583395,0.4425751,1.8167496E-4,101.0,-0.143219,-0.04096985,0.5348358
1568167094044,-78.81573187,42.96316665,-0.05289343,-0.5557523,-0.087395355,0.82504773,0.0,0.0,0.4755235,-0.1583395,0.4425751,1.8167496E-4,92.0,-0.143219,0.03892517,0.72125244
1568167094146,-78.81573187,42.96316665,-0.05289343,-0.5557523,-0.087395355,0.82504773,0.0,0.0,0.4755235,-0.1583395,0.4425751,1.8167496E-4,80.0,-0.075042725,-0.0132751465,0.89064026
1568167094247,-78.81573187,42.96316665,-0.10477264,-0.5547448,-0.032713942,0.8247489,0.0,0.0,0.4755235,0.019376755,1.0351344,0.061463356,70.0,-0.02178955,0.08366394,0.8309784
1568167094349,-78.81573187,42.96316665,-0.10477264,-0.5547448,-0.032713942,0.8247489,0.0,0.0,0.4755235,0.019376755,1.0351344,0.061463356,64.0,-0.006866455,0.1742096,0.7010193
1568167094447,-78.81573187,42.96316665,-0.15041004,-0.5339413,0.028458377,0.8315489,0.0,0.0,0.4755235,0.20877552,0.8619993,-0.19890213,59.0,-0.1357727,0.117752075,0.6051483
1568167094548,-78.81573187,42.96316665,-0.15041004,-0.5339413,0.028458377,0.8315489,0.0,0.0,0.47357696,0.20877552,0.8619993,-0.19890213,60.0,-0.20394897,0.15396118,0.41552734
1568167094647,-78.81573187,42.96316665,-0.19759043,-0.51813984,0.06042398,0.8299627,0.0,0.0,0.47357696,0.21140194,0.43787098,-0.069973946,64.0,-0.10168457,-0.1272583,0.24188232
1568167094748,-78.81573187,42.96316665,-0.19759043,-0.51813984,0.06042398,0.8299627,0.0,0.0,0.47357696,0.21140194,0.43787098,-0.069973946,66.0,-0.12937927,-0.050567627,0.16519165
1568167094850,-78.81573187,42.96316665,-0.24219473,-0.5025801,0.034325603,0.8292025,0.0,0.0,0.47357696,0.013463497,-0.18883467,0.024831533,71.0,0.09112549,-0.05482483,-0.18740845
1568167094949,-78.81573187,42.96316665,-0.24219473,-0.5025801,0.034325603,0.8292025,0.0,0.0,0.47357696,0.013463497,-0.18883467,0.024831533,76.0,0.18487549,0.01335144,-0.5496063
1568167095050,-78.81573187,42.96316665,-0.25582668,-0.49358895,-0.025255758,0.8308338,0.0,0.0,0.47357696,-0.2375207,-0.753165,0.03861165,84.0,0.20298767,-0.08677673,-0.70726013
1568167095149,-78.81573187,42.96316665,-0.25582668,-0.49358895,-0.025255758,0.8308338,0.0,0.0,0.47357696,-0.2375207,-0.753165,0.03861165,92.0,0.082611084,-0.01966858,-0.6742401
1568167095250,-78.81573187,42.96316665,-0.24657829,-0.49991462,-0.12550299,0.8206909,0.0,0.0,0.47357696,-0.41255665,-1.2203317,0.05976224,105.0,-0.010070801,0.18060303,-0.9661255
1568167095350,-78.81573187,42.96316665,-0.24657829,-0.49991462,-0.12550299,0.8206909,0.0,0.0,0.47357696,-0.41255665,-1.2203317,0.05976224,121.0,-0.16558838,0.16249084,-1.1365662
1568167095449,-78.81573187,42.96316665,-0.22469924,-0.49830273,-0.24912295,0.7994638,0.0,0.0,0.47357696,-0.1735239,-1.5308589,-0.21782064,139.0,0.11456299,0.13586426,-1.0641327
1568167095549,-78.81573187,42.96316665,-0.22469924,-0.49830273,-0.24912295,0.7994638,0.0,0.0,0.48991793,-0.1735239,-1.5308589,-0.21782064,154.0,0.13587952,0.08578491,-0.8947449
1568167095650,-78.81573187,42.96316665,-0.19192772,-0.49784282,-0.369274,0.7608896,0.0,0.0,0.48991793,-0.053442955,-1.6098777,-0.28416276,167.0,0.2647705,-0.39038086,-0.97784424
1568167095750,-78.81573187,42.96316665,-0.19192772,-0.49784282,-0.369274,0.7608896,0.0,0.0,0.48991793,-0.053442955,-1.6098777,-0.28416276,182.0,0.11883545,-0.08039856,-1.2303009
1568167095850,-78.81573187,42.96316665,-0.16528258,-0.52473825,-0.4682055,0.69145864,0.0,0.0,0.48991793,0.25793362,-1.3063843,0.2615111,195.0,-0.05267334,0.043182373,-1.2601318
1568167095950,-78.81573187,42.96316665,-0.16528258,-0.52473825,-0.4682055,0.69145864,0.0,0.0,0.48991793,0.25793362,-1.3063843,0.2615111,204.0,-0.08569336,0.30949402,-1.0747833
1568167096050,-78.81573187,42.96316665,-0.11710371,-0.5254346,-0.57832,0.61298543,0.0,0.0,0.48991793,0.58433104,-1.1451216,-0.3606062,211.0,-0.12617493,0.2253418,-1.0012817
1568167096150,-78.81573187,42.96316665,-0.11710371,-0.5254346,-0.57832,0.61298543,0.0,0.0,0.48991793,0.58433104,-1.1451216,-0.3606062,215.0,0.15078735,0.27540588,-0.7019348
1568167096250,-78.81573187,42.96316665,-0.07461336,-0.52419925,-0.6503414,0.5447055,0.0,0.0,0.48991793,0.6581702,-0.5178375,-0.23523903,216.0,-0.051605225,0.2807312,-0.43348694
1568167096350,-78.81573187,42.96316665,-0.07461336,-0.52419925,-0.6503414,0.5447055,0.0,0.0,0.48991793,0.6581702,-0.5178375,-0.23523903,216.0,0.044265747,0.14863586,-0.15971375
1568167096450,-78.81573187,42.96316665,-0.040087365,-0.5195551,-0.67056555,0.52801263,0.0,0.0,0.48991793,0.21386862,0.18391514,-0.028240204,216.0,-0.0047454834,-0.016479492,0.19927979
1568167096555,-78.81573187,42.96316665,-0.040087365,-0.5195551,-0.67056555,0.52801263,0.0,0.0,0.48339316,0.21386862,0.18391514,-0.028240204,216.0,-0.026046753,-0.06654358,0.54016113
1568167096651,-78.81573187,42.96316665,-0.0518118,-0.51901156,-0.65316695,0.5489221,0.0,0.0,0.48339316,-0.524796,0.89256763,0.004404068,213.0,-0.011138916,-0.19224548,0.9481659
1568167096755,-78.81573187,42.96316665,-0.0518118,-0.51901156,-0.65316695,0.5489221,0.0,0.0,0.48339316,-0.524796,0.89256763,0.004404068,210.0,-0.034561157,0.009094238,0.9076843
1568167096852,-78.81573187,42.96316665,-0.10716491,-0.5117826,-0.6061473,0.59931606,0.0,0.0,0.48339316,-1.0833812,1.5315433,0.013618946,205.0,-0.042022705,0.14970398,0.9098053
1568167096952,-78.81573187,42.96316665,-0.10716491,-0.5117826,-0.6061473,0.59931606,0.0,0.0,0.48339316,-1.0833812,1.5315433,0.013618946,199.0,0.13800049,-0.22314453,0.99290466
1568167097053,-78.81573187,42.96316665,-0.1653162,-0.48431188,-0.56572866,0.64657843,0.0,0.0,0.48339316,-0.7727442,1.4735518,-0.072193146,193.0,0.1625061,-0.28279114,0.97372437
1568167097155,-78.81573187,42.96316665,-0.1653162,-0.48431188,-0.56572866,0.64657843,0.0,0.0,0.48339316,-0.7727442,1.4735518,-0.072193146,186.0,0.11456299,-0.36161804,0.82351685
1568167097253,-78.81573187,42.96316665,-0.226003,-0.468985,-0.5213242,0.6761633,0.0,0.0,0.48339316,-0.2748251,1.4991617,0.42190838,181.0,0.2093811,-0.11767578,0.6584015
1568167097357,-78.81573187,42.96316665,-0.226003,-0.468985,-0.5213242,0.6761633,0.0,0.0,0.48339316,-0.2748251,1.4991617,0.42190838,175.0,0.16464233,0.21255493,0.5050049
1568167097456,-78.81573187,42.96316665,-0.25723463,-0.45474026,-0.49556828,0.6938687,0.0,0.0,0.48339316,-0.14654636,0.81312346,5.4883957E-4,173.0,0.33720398,-0.023925781,0.117248535
1568167097554,-78.81573187,42.96316665,-0.25723463,-0.45474026,-0.49556828,0.6938687,0.0,0.0,0.47618052,-0.14654636,0.81312346,5.4883957E-4,174.0,0.39260864,-0.10169983,0.11831665
1568167097657,-78.81573187,42.96316665,-0.25817928,-0.4607004,-0.49992797,0.6864187,0.0,0.0,0.47618052,-0.0490942,-0.1499561,0.036569595,176.0,0.04852295,-0.10595703,-0.032943726
1568167097756,-78.81573187,42.96316665,-0.25817928,-0.4607004,-0.49992797,0.6864187,0.0,0.0,0.47618052,-0.0490942,-0.1499561,0.036569595,179.0,0.019760132,-0.1230011,0.019241333
1568167097857,-78.81573187,42.96316665,-0.27580398,-0.45723113,-0.52234143,0.66485435,0.0,0.0,0.47618052,0.0015907288,-0.39344132,0.04088211,180.0,0.037872314,-0.034591675,0.04800415
1568167097956,-78.81573187,42.96316665,-0.27580398,-0.45723113,-0.52234143,0.66485435,0.0,0.0,0.47618052,0.0015907288,-0.39344132,0.04088211,181.0,0.019760132,-0.03778076,0.070373535
1568167098057,-78.81573187,42.96316665,-0.29057956,-0.4547138,-0.529666,0.65441024,0.0,0.0,0.47618052,-0.07272148,-0.009323895,0.08401704,182.0,0.049591064,-0.014343262,-0.012710571
1568167098156,-78.81573187,42.96316665,-0.29057956,-0.4547138,-0.529666,0.65441024,0.0,0.0,0.47618052,-0.07272148,-0.009323895,0.08401704,184.0,-0.07185364,-0.104888916,-0.019104004
1568167098258,-78.81573187,42.96316665,-0.3006158,-0.45173955,-0.54121,0.64238095,0.0,0.0,0.47618052,-0.009902,0.0035151243,0.092261314,186.0,-0.006866455,-0.12086487,0.041625977
1568167098358,-78.81573187,42.96316665,-0.3006158,-0.45173955,-0.54121,0.64238095,0.0,0.0,0.47618052,-0.009902,0.0035151243,0.092261314,187.0,-0.10700989,0.017608643,0.06504822
1568167098460,-78.81573187,42.96316665,-0.31689814,-0.4466475,-0.55085623,0.6297928,0.0,0.0,0.47618052,-0.06476879,0.05309069,0.0667572,188.0,0.030410767,0.04637146,0.021377563
1568167098560,-78.81573187,42.96316665,-0.31689814,-0.4466475,-0.55085623,0.6297928,0.0,0.0,0.46760038,-0.06476879,0.05309069,0.0667572,188.0,0.23921204,0.12094116,0.028839111
1568167098659,-78.81573187,42.96316665,-0.31167367,-0.44247773,-0.5553532,0.63139194,0.0,0.0,0.46760038,-0.030914307,-0.125759,-0.8597772,189.0,0.09751892,0.20722961,-0.044662476
1568167098759,-78.81573187,42.96316665,-0.31167367,-0.44247773,-0.5553532,0.63139194,0.0,0.0,0.46760038,-0.030914307,-0.125759,-0.8597772,191.0,-0.27105713,0.1507721,0.0362854
1568167098860,-78.81573187,42.96316665,-0.32304367,-0.41701794,-0.58841956,0.6127816,0.0,0.0,0.46760038,-0.1141386,-0.12772828,-1.1714053,192.0,-0.08996582,0.09857178,-0.044662476
1568167098960,-78.81573187,42.96316665,-0.32304367,-0.41701794,-0.58841956,0.6127816,0.0,0.0,0.46760038,-0.1141386,-0.12772828,-1.1714053,194.0,-0.2934265,0.033584595,0.013916016
1568167099061,-78.81573187,42.96316665,-0.34680235,-0.39726594,-0.6095646,0.5918943,0.0,0.0,0.46760038,0.25926018,0.054481447,0.6774111,194.0,-0.11979675,-0.032455444,0.016052246
1568167099161,-78.81573187,42.96316665,-0.34680235,-0.39726594,-0.6095646,0.5918943,0.0,0.0,0.46760038,0.25926018,0.054481447,0.6774111,195.0,-0.015396118,0.0058898926,-0.0137786865
1568167099262,-78.81573187,42.96316665,-0.35939553,-0.3838617,-0.6249892,0.576952,0.0,0.0,0.46760038,0.08761406,-0.0086141825,1.0111151,195.0,0.037872314,-0.0718689,0.018188477
1568167099363,-78.81573187,42.96316665,-0.35939553,-0.3838617,-0.6249892,0.576952,0.0,0.0,0.46760038,0.08761406,-0.0086141825,1.0111151,196.0,-0.12724304,0.035720825,0.037353516
1568167099463,-78.81573187,42.96316665,-0.37036842,-0.372453,-0.6356585,0.56572455,0.0,0.0,0.46760038,0.08174324,0.024811149,1.4454126,195.0,0.019760132,-0.13046265,-0.023361206
1568167099565,-78.81573187,42.96316665,-0.37036842,-0.372453,-0.6356585,0.56572455,0.0,0.0,0.4683245,0.08174324,0.024811149,1.4454126,197.0,0.30950928,-0.2678833,-0.13308716
1568167099671,-78.81573187,42.96316665,-0.36952507,-0.3747049,-0.6448392,0.55428314,0.0,0.0,0.4683245,0.13578796,-0.44117838,1.5366449,199.0,-0.15600586,-0.1187439,-0.018035889
1568167099772,-78.81573187,42.96316665,-0.36952507,-0.3747049,-0.6448392,0.55428314,0.0,0.0,0.4683245,0.13578796,-0.44117838,1.5366449,198.0,-0.20288086,-0.2401886,0.15666199
1568167099867,-78.81573187,42.96316665,-0.38038003,-0.36045408,-0.6535153,0.54617,0.0,0.0,0.4683245,-0.17498302,0.028329015,-0.2388401,197.0,0.14865112,-0.19438171,0.082092285
1568167099968,-78.81573187,42.96316665,-0.38038003,-0.36045408,-0.6535153,0.54617,0.0,0.0,0.4683245,-0.17498302,0.028329015,-0.2388401,197.0,-0.051605225,0.050628662,0.041625977
1568167100071,-78.81573187,42.96316665,-0.3931874,-0.3676206,-0.6445682,0.5429462,0.0,0.0,0.4683245,-0.35059643,0.14291859,-1.2269776,197.0,0.22003174,0.02293396,-0.09260559
1568167100168,-78.81573187,42.96316665,-0.3931874,-0.3676206,-0.6445682,0.5429462,0.0,0.0,0.4683245,-0.35059643,0.14291859,-1.2269776,198.0,0.12948608,-0.10702515,-0.103256226
1568167100270,-78.81573187,42.96316665,-0.3839861,-0.38463378,-0.64066625,0.54236364,0.0,0.0,0.4683245,0.0057382584,-0.051728845,-0.5285113,199.0,0.10498047,0.061294556,-0.04147339
1568167100369,-78.81573187,42.96316665,-0.3839861,-0.38463378,-0.64066625,0.54236364,0.0,0.0,0.4683245,0.0057382584,-0.051728845,-0.5285113,199.0,0.22216797,0.06448364,0.041625977
1568167100470,-78.81573187,42.96316665,-0.36855316,-0.39176896,-0.6341642,0.55544704,0.0,0.0,0.4683245,-0.089551926,-0.048148334,-2.0712545,197.0,0.27435303,0.36169434,0.037353516
1568167100569,-78.81573187,42.96316665,-0.36855316,-0.39176896,-0.6341642,0.55544704,0.0,0.0,0.48409137,-0.089551926,-0.048148334,-2.0712545,195.0,0.13374329,-0.13471985,0.14494324
1568167100670,-78.81573187,42.96316665,-0.36129847,-0.3865001,-0.62934864,0.5692112,0.0,0.0,0.48409137,-0.18084526,0.25800824,-1.411262,194.0,0.03466797,-0.4681549,0.1108551
1568167100769,-78.81573187,42.96316665,-0.36129847,-0.3865001,-0.62934864,0.5692112,0.0,0.0,0.48409137,-0.18084526,0.25800824,-1.411262,196.0,0.02508545,0.02293396,-0.15332031
1568167100869,-78.81573187,42.96316665,-0.3779298,-0.3945968,-0.62734133,0.5548922,0.0,0.0,0.48409137,0.038583755,-0.031196356,0.46907592,196.0,-0.20074463,-0.13046265,0.05014038
1568167100969,-78.81573187,42.96316665,-0.3779298,-0.3945968,-0.62734133,0.5548922,0.0,0.0,0.48409137,0.038583755,-0.031196356,0.46907592,195.0,-0.16453552,-0.007949829,0.056533813
1568167101070,-78.81573187,42.96316665,-0.39164665,-0.3804955,-0.6318561,0.5500854,0.0,0.0,0.48409137,0.18143654,-0.12416577,1.0331957,194.0,-0.27638245,0.26261902,-9.918213E-4
1568167101170,-78.81573187,42.96316665,-0.39164665,-0.3804955,-0.6318561,0.5500854,0.0,0.0,0.48409137,0.18143654,-0.12416577,1.0331957,195.0,-0.023910522,0.06022644,-0.093673706
1568167101271,-78.81573187,42.96316665,-0.39393,-0.36318472,-0.6523962,0.5359993,0.0,0.0,0.48409137,0.12959957,-0.2538023,1.3674221,197.0,-0.16133118,0.11029053,-0.0063171387
1568167101373,-78.81573187,42.96316665,-0.39393,-0.36318472,-0.6523962,0.5359993,0.0,0.0,0.48409137,0.12959957,-0.2538023,1.3674221,202.0,0.03147888,-0.0526886,-0.07235718
1568167101473,-78.81573187,42.96316665,-0.44009426,-0.31357265,-0.713494,0.44599956,0.0,0.0,0.48409137,0.11013031,-0.21913928,1.1878269,209.0,-0.08250427,-0.09744263,0.074645996
1568167101572,-78.81573187,42.96316665,-0.44009426,-0.31357265,-0.713494,0.44599956,0.0,0.0,0.49065262,0.11013031,-0.21913928,1.1878269,213.0,0.12841797,0.13052368,0.09275818
1568167101673,-78.81573187,42.96316665,-0.4444546,-0.31492206,-0.7029766,0.45728338,0.0,0.0,0.49065262,0.22868061,-0.025186151,1.740267,211.0,0.055984497,0.26689148,0.0054016113
1568167101772,-78.81573187,42.96316665,-0.4444546,-0.31492206,-0.7029766,0.45728338,0.0,0.0,0.49065262,0.22868061,-0.025186151,1.740267,211.0,0.053848267,-0.17199707,0.022445679
1568167101872,-78.81573187,42.96316665,-0.44397017,-0.30623397,-0.7100493,0.45270437,0.0,0.0,0.49065262,0.15308952,-0.17353314,0.7046881,211.0,-0.143219,0.009094238,0.070373535
1568167101973,-78.81573187,42.96316665,-0.44397017,-0.30623397,-0.7100493,0.45270437,0.0,0.0,0.49065262,0.15308952,-0.17353314,0.7046881,210.0,-0.20927429,-0.24124146,0.008590698
1568167102073,-78.81573187,42.96316665,-0.46194232,-0.30981284,-0.7013271,0.44583142,0.0,0.0,0.49065262,-0.2735262,0.023949698,-0.6098063,211.0,-0.25827026,-0.06335449,-0.0063171387
1568167102172,-78.81573187,42.96316665,-0.46194232,-0.30981284,-0.7013271,0.44583142,0.0,0.0,0.49065262,-0.2735262,0.023949698,-0.6098063,211.0,-0.17411804,-0.20503235,-0.028686523
1568167102274,-78.81573187,42.96316665,-0.47453636,-0.30948696,-0.70247406,0.43077052,0.0,0.0,0.49065262,-0.6200657,0.04392548,-1.4010391,213.0,-0.18797302,0.01121521,-0.15013123
1568167102372,-78.81573187,42.96316665,-0.47453636,-0.30948696,-0.70247406,0.43077052,0.0,0.0,0.49065262,-0.6200657,0.04392548,-1.4010391,216.0,-0.048416138,0.14544678,-0.14160156
1568167102473,-78.81573187,42.96316665,-0.4671356,-0.3110496,-0.71384996,0.4188684,0.0,0.0,0.49065262,-0.09496403,-0.1309456,-1.1549878,217.0,-0.067596436,0.2999115,-0.019104004
1568167102574,-78.81573187,42.96316665,-0.4671356,-0.3110496,-0.71384996,0.4188684,0.0,0.0,0.52243024,-0.09496403,-0.1309456,-1.1549878,216.0,-0.053741455,-0.04949951,0.044815063
1568167102673,-78.81573187,42.96316665,-0.45833027,-0.30194828,-0.7197522,0.42510867,0.0,0.0,0.52243024,0.21977329,0.13407809,-0.26719975,215.0,0.02508545,-0.12939453,0.0054016113
1568167102773,-78.81573187,42.96316665,-0.45833027,-0.30194828,-0.7197522,0.42510867,0.0,0.0,0.52243024,0.21977329,0.13407809,-0.26719975,215.0,-0.03137207,0.10922241,0.06611633
1568167102872,-78.81573187,42.96316665,-0.4581946,-0.30626228,-0.71489763,0.4303283,0.0,0.0,0.52243024,-0.005961418,0.11372575,0.15423179,214.0,0.0410614,-0.018600464,0.11405945
1568167102973,-78.81573187,42.96316665,-0.4581946,-0.30626228,-0.71489763,0.4303283,0.0,0.0,0.52243024,-0.005961418,0.11372575,0.15423179,214.0,-0.010070801,0.06980896,0.13217163
1568167103073,-78.81573187,42.96316665,-0.46634406,-0.31007177,-0.70689595,0.43206114,0.0,0.0,0.52243024,0.007303238,0.19855648,-0.039448738,213.0,-0.18370056,0.10496521,0.09487915
1568167103172,-78.81573187,42.96316665,-0.46634406,-0.31007177,-0.70689595,0.43206114,0.0,0.0,0.52243024,0.007303238,0.19855648,-0.039448738,212.0,0.13160706,0.106033325,-0.068099976
1568167103273,-78.81573187,42.96316665,-0.46812817,-0.3083246,-0.7086419,0.42850745,0.0,0.0,0.52243024,-0.14539719,-0.1858966,0.18071175,214.0,-0.046279907,0.46714783,0.03416443
1568167103373,-78.81573187,42.96316665,-0.46812817,-0.3083246,-0.7086419,0.42850745,0.0,0.0,0.52243024,-0.14539719,-0.1858966,0.18071175,215.0,0.0602417,0.061294556,-0.029754639
1568167103473,-78.81573187,42.96316665,-0.45762935,-0.30025688,-0.7170326,0.43160793,0.0,0.0,0.52243024,0.09791374,-0.07004091,-0.1659677,214.0,-0.0036773682,0.017608643,0.035232544
1568167103573,-78.81573187,42.96316665,-0.45762935,-0.30025688,-0.7170326,0.43160793,0.0,0.0,0.5191327,0.09791374,-0.07004091,-0.1659677,213.0,0.070892334,-0.1506958,0.019241333
1568167103673,-78.81573187,42.96316665,-0.46018052,-0.2999721,-0.71433824,0.43355682,0.0,0.0,0.5191327,0.03145027,-0.031356037,0.072699785,213.0,-0.18902588,-0.053756714,-0.010574341
1568167103773,-78.81573187,42.96316665,-0.46018052,-0.2999721,-0.71433824,0.43355682,0.0,0.0,0.5191327,0.03145027,-0.031356037,0.072699785,213.0,0.0644989,0.07727051,7.6293945E-5
1568167103873,-78.81573187,42.96316665,-0.46268976,-0.29813072,-0.71543115,0.43034235,0.0,0.0,0.5191327,-0.054748535,-0.07229063,-0.0104215145,213.0,0.09326172,0.049575806,0.0320282
1568167103974,-78.81573187,42.96316665,-0.46268976,-0.29813072,-0.71543115,0.43034235,0.0,0.0,0.5191327,-0.054748535,-0.07229063,-0.0104215145,213.0,0.020828247,0.037857056,-0.029754639
1568167104075,-78.81573187,42.96316665,-0.461277,-0.3038507,-0.7134178,0.43119985,0.0,0.0,0.5191327,-0.022007942,-0.039287478,0.062374353,214.0,0.07408142,0.043182373,-0.07875061
1568167104176,-78.81573187,42.96316665,-0.461277,-0.3038507,-0.7134178,0.43119985,0.0,0.0,0.5191327,-0.022007942,-0.039287478,0.062374353,214.0,0.0410614,0.07406616,-0.023361206
1568167104278,-78.81573187,42.96316665,-0.46195212,-0.30425403,-0.7157212,0.42634833,0.0,0.0,0.5191327,0.0022888184,-0.044044435,-0.040310144,214.0,-0.014328003,0.0048217773,7.6293945E-5
1568167104376,-78.81573187,42.96316665,-0.46195212,-0.30425403,-0.7157212,0.42634833,0.0,0.0,0.5191327,0.0022888184,-0.044044435,-0.040310144,215.0,-0.012191772,-0.06867981,0.007537842
1568167104480,-78.81573187,42.96316665,-0.46052584,-0.30674732,-0.71432227,0.4284457,0.0,0.0,0.5191327,0.0044088364,0.012573004,0.05465722,215.0,-0.02178955,-0.02180481,0.0064697266
1568167104576,-78.81573187,42.96316665,-0.46052584,-0.30674732,-0.71432227,0.4284457,0.0,0.0,0.5439517,0.0044088364,0.012573004,0.05465722,215.0,-0.046279907,-0.0718689,0.02458191
1568167104681,-78.81573187,42.96316665,-0.46077454,-0.3081132,-0.7129508,0.42948136,0.0,0.0,0.5439517,0.01605606,0.027207345,-0.0141580105,215.0,-0.01965332,-0.032455444,0.013916016
1568167104780,-78.81573187,42.96316665,-0.46077454,-0.3081132,-0.7129508,0.42948136,0.0,0.0,0.5439517,0.01605606,0.027207345,-0.0141580105,215.0,0.017623901,-0.04524231,-0.007385254
1568167104881,-78.81573187,42.96316665,-0.46197173,-0.30720362,-0.71406406,0.4269901,0.0,0.0,0.5439517,-0.0044870377,-0.020449191,-0.03172803,215.0,0.10498047,0.0101623535,-0.025497437
1568167104983,-78.81573187,42.96316665,-0.46197173,-0.30720362,-0.71406406,0.4269901,0.0,0.0,0.5439517,-0.0044870377,-0.020449191,-0.03172803,215.0,-0.2135315,0.008026123,0.011795044
1568167105082,-78.81573187,42.96316665,-0.46197173,-0.30720362,-0.71406406,0.4269901,0.0,0.0,0.5439517,-0.0044870377,-0.020449191,-0.03172803,215.0,-0.18902588,0.012283325,-0.009521484
1568167105182,-78.81573187,42.96316665,-0.46197173,-0.30720362,-0.71406406,0.4269901,0.0,0.0,0.5439517,-0.0044870377,-0.020449191,-0.03172803,215.0,-0.18902588,0.012283325,-0.009521484
1568167105281,-78.81573187,42.96316665,-0.46197173,-0.30720362,-0.71406406,0.4269901,0.0,0.0,0.5439517,-0.0044870377,-0.020449191,-0.03172803,215.0,-0.18902588,0.012283325,-0.009521484
1568167105383,-78.81573187,42.96316665,-0.46197173,-0.30720362,-0.71406406,0.4269901,0.0,0.0,0.5439517,-0.0044870377,-0.020449191,-0.03172803,215.0,-0.18902588,0.012283325,-0.009521484
1568167105482,-78.81573187,42.96316665,-0.46197173,-0.30720362,-0.71406406,0.4269901,0.0,0.0,0.5439517,-0.0044870377,-0.020449191,-0.03172803,215.0,-0.18902588,0.012283325,-0.009521484
1568167105582,-78.81573187,42.96316665,-0.46197173,-0.30720362,-0.71406406,0.4269901,0.0,0.0,0.5439517,-0.0044870377,-0.020449191,-0.03172803,215.0,-0.18902588,0.012283325,-0.009521484
1568167105681,-78.81573187,42.96316665,-0.46197173,-0.30720362,-0.71406406,0.4269901,0.0,0.0,0.5439517,-0.0044870377,-0.020449191,-0.03172803,215.0,-0.18902588,0.012283325,-0.009521484
1568167105782,-78.81573187,42.96316665,-0.46197173,-0.30720362,-0.71406406,0.4269901,0.0,0.0,0.5439517,-0.0044870377,-0.020449191,-0.03172803,215.0,-0.18902588,0.012283325,-0.009521484
1568167105883,-78.81573187,42.96316665,-0.46197173,-0.30720362,-0.71406406,0.4269901,0.0,0.0,0.5439517,-0.0044870377,-0.020449191,-0.03172803,215.0,-0.18902588,0.012283325,-0.009521484
1568167105985,-78.81573187,42.96316665,-0.46197173,-0.30720362,-0.71406406,0.4269901,0.0,0.0,0.5439517,-0.0044870377,-0.020449191,-0.03172803,215.0,-0.18902588,0.012283325,-0.009521484
1568167106083,-78.81573187,42.96316665,-0.46197173,-0.30720362,-0.71406406,0.4269901,0.0,0.0,0.5439517,-0.0044870377,-0.020449191,-0.03172803,215.0,-0.18902588,0.012283325,-0.009521484
